feature_name,importance
Column_0,1
Column_1,2
Column_2,0
Column_3,2
Column_4,11
Column_5,1
Column_6,2
Column_7,5
Column_8,0
Column_9,0
Column_10,2
Column_11,1
Column_12,1
Column_13,1
Column_14,1
Column_15,2
Column_16,9
Column_17,1
Column_18,1
Column_19,1
Column_20,0
Column_21,0
Column_22,12
Column_23,10
Column_24,4
Column_25,90
Column_26,3
Column_27,3
Column_28,35
Column_29,0
Column_30,0
Column_31,0
Column_32,9
Column_33,0
Column_34,45
Column_35,7
Column_36,0
Column_37,0
Column_38,0
Column_39,2
Column_40,0
Column_41,2
Column_42,11
Column_43,1
Column_44,0
Column_45,3
Column_46,8
Column_47,1
Column_48,1
Column_49,1
Column_50,1
Column_51,2
Column_52,6
Column_53,1
Column_54,4
Column_55,2
Column_56,1
Column_57,1
Column_58,4
Column_59,10
Column_60,0
Column_61,2
Column_62,6
Column_63,1
Column_64,15
Column_65,0
Column_66,3
Column_67,5
Column_68,0
Column_69,3
Column_70,0
Column_71,0
Column_72,2
Column_73,26
Column_74,9
Column_75,5
Column_76,4
Column_77,2
Column_78,111
Column_79,3
Column_80,14
Column_81,78
Column_82,3
Column_83,0
Column_84,1
Column_85,0
Column_86,10
Column_87,25
Column_88,106
Column_89,15
Column_90,1
Column_91,0
Column_92,1
Column_93,1
Column_94,2
Column_95,44
Column_96,2
Column_97,0
Column_98,5
Column_99,17
Column_100,1
Column_101,8
Column_102,4
Column_103,1
Column_104,2
Column_105,0
Column_106,2
Column_107,1
Column_108,0
Column_109,0
Column_110,2
Column_111,4
Column_112,0
Column_113,0
Column_114,1
Column_115,7
Column_116,1
Column_117,3
Column_118,0
Column_119,1
Column_120,0
Column_121,0
Column_122,12
Column_123,10
Column_124,3
Column_125,1
Column_126,0
Column_127,6
Column_128,0
Column_129,12
Column_130,8
Column_131,2
Column_132,8
Column_133,10
Column_134,3
Column_135,0
Column_136,0
Column_137,5
Column_138,1
Column_139,65
Column_140,12
Column_141,14
Column_142,6
Column_143,3
Column_144,0
Column_145,21
Column_146,0
Column_147,0
Column_148,12
Column_149,9
Column_150,0
Column_151,54
Column_152,1
Column_153,1
Column_154,2
Column_155,2
Column_156,0
Column_157,2
Column_158,1
Column_159,0
Column_160,0
Column_161,1
Column_162,1
Column_163,0
Column_164,3
Column_165,2
Column_166,0
Column_167,0
Column_168,2
Column_169,1
Column_170,6
Column_171,1
Column_172,0
Column_173,3
Column_174,0
Column_175,0
Column_176,1
Column_177,2
Column_178,4
Column_179,69
Column_180,2
Column_181,3
Column_182,17
Column_183,0
Column_184,0
Column_185,0
Column_186,3
Column_187,1
Column_188,13
Column_189,16
Column_190,0
Column_191,1
Column_192,0
Column_193,3
Column_194,0
Column_195,1
Column_196,8
Column_197,2
Column_198,0
Column_199,1
Column_200,4
Column_201,1
Column_202,0
Column_203,0
Column_204,2
Column_205,3
Column_206,5
Column_207,3
Column_208,4
Column_209,7
Column_210,2
Column_211,0
Column_212,7
Column_213,4
Column_214,2
Column_215,6
Column_216,3
Column_217,1
Column_218,7
Column_219,0
Column_220,0
Column_221,1
Column_222,0
Column_223,2
Column_224,0
Column_225,2
Column_226,0
Column_227,4
Column_228,2
Column_229,2
Column_230,1
Column_231,4
Column_232,70
Column_233,1
Column_234,8
Column_235,4
Column_236,3
Column_237,0
Column_238,0
Column_239,0
Column_240,3
Column_241,21
Column_242,5
Column_243,16
Column_244,0
Column_245,0
Column_246,0
Column_247,1
Column_248,1
Column_249,12
Column_250,2
Column_251,0
Column_252,2
Column_253,2
Column_254,1
Column_255,3
Column_256,0
Column_257,0
Column_258,3
Column_259,0
Column_260,1
Column_261,4
Column_262,0
Column_263,0
Column_264,4
Column_265,4
Column_266,1
Column_267,0
Column_268,0
Column_269,2
Column_270,2
Column_271,2
Column_272,0
Column_273,2
Column_274,0
Column_275,3
Column_276,5
Column_277,3
Column_278,2
Column_279,0
Column_280,1
Column_281,6
Column_282,0
Column_283,4
Column_284,4
Column_285,1
Column_286,11
Column_287,6
Column_288,4
Column_289,1
Column_290,0
Column_291,1
Column_292,0
Column_293,68
Column_294,6
Column_295,8
Column_296,3
Column_297,0
Column_298,0
Column_299,4
Column_300,0
Column_301,4
Column_302,13
Column_303,1
Column_304,0
Column_305,17
Column_306,2
Column_307,0
Column_308,2
Column_309,1
Column_310,0
Column_311,3
Column_312,1
Column_313,0
Column_314,0
Column_315,4
Column_316,4
Column_317,0
Column_318,1
Column_319,3
Column_320,1
Column_321,0
Column_322,1
Column_323,0
Column_324,6
Column_325,0
Column_326,0
Column_327,4
Column_328,0
Column_329,0
Column_330,3
Column_331,0
Column_332,2
Column_333,55
Column_334,3
Column_335,2
Column_336,4
Column_337,1
Column_338,0
Column_339,0
Column_340,2
Column_341,4
Column_342,4
Column_343,11
Column_344,0
Column_345,1
Column_346,0
Column_347,0
Column_348,0
Column_349,1
Column_350,7
Column_351,0
Column_352,0
Column_353,0
Column_354,3
Column_355,0
Column_356,2
Column_357,0
Column_358,1
Column_359,4
Column_360,1
Column_361,0
Column_362,0
Column_363,4
Column_364,2
Column_365,2
Column_366,6
Column_367,5
Column_368,0
Column_369,3
Column_370,2
Column_371,4
Column_372,3
Column_373,0
Column_374,0
Column_375,3
Column_376,0
Column_377,6
Column_378,0
Column_379,0
Column_380,0
Column_381,2
Column_382,3
Column_383,1
Column_384,8
Column_385,1
Column_386,84
Column_387,1
Column_388,3
Column_389,5
Column_390,2
Column_391,0
Column_392,1
Column_393,0
Column_394,6
Column_395,7
Column_396,4
Column_397,2
Column_398,1
Column_399,0
Column_400,0
Column_401,1
Column_402,2
Column_403,7
Column_404,2
Column_405,0
Column_406,0
Column_407,4
Column_408,1
Column_409,2
Column_410,0
Column_411,1
Column_412,1
Column_413,0
Column_414,0
Column_415,1
Column_416,0
Column_417,0
Column_418,3
Column_419,2
Column_420,1
Column_421,0
Column_422,0
Column_423,2
Column_424,2
Column_425,0
Column_426,0
Column_427,0
Column_428,0
Column_429,1
Column_430,7
Column_431,0
Column_432,1
Column_433,0
Column_434,0
Column_435,5
Column_436,1
Column_437,0
Column_438,4
Column_439,5
Column_440,2
Column_441,7
Column_442,1
Column_443,0
Column_444,0
Column_445,0
Column_446,0
Column_447,119
Column_448,4
Column_449,6
Column_450,3
Column_451,0
Column_452,0
Column_453,3
Column_454,0
Column_455,1
Column_456,8
Column_457,1
Column_458,0
Column_459,10
Column_460,1
Column_461,0
Column_462,1
Column_463,2
Column_464,0
Column_465,2
Column_466,1
Column_467,0
Column_468,1
Column_469,5
Column_470,0
Column_471,0
Column_472,2
Column_473,4
Column_474,0
Column_475,1
Column_476,3
Column_477,1
Column_478,4
Column_479,0
Column_480,0
Column_481,1
Column_482,0
Column_483,0
Column_484,2
Column_485,4
Column_486,1
Column_487,52
Column_488,2
Column_489,0
Column_490,7
Column_491,0
Column_492,1
Column_493,0
Column_494,2
Column_495,8
Column_496,9
Column_497,9
Column_498,0
Column_499,0
Column_500,0
Column_501,2
Column_502,0
Column_503,0
Column_504,4
Column_505,1
Column_506,0
Column_507,3
Column_508,2
Column_509,3
Column_510,2
Column_511,0
Column_512,3
Column_513,1
Column_514,6
Column_515,3
Column_516,4
Column_517,1
Column_518,1
Column_519,2
Column_520,0
Column_521,4
Column_522,3
Column_523,4
Column_524,2
Column_525,1
Column_526,5
Column_527,2
Column_528,2
Column_529,1
Column_530,0
Column_531,5
Column_532,0
Column_533,0
Column_534,0
Column_535,3
Column_536,2
Column_537,2
Column_538,0
Column_539,3
Column_540,72
Column_541,3
Column_542,1
Column_543,8
Column_544,3
Column_545,0
Column_546,0
Column_547,0
Column_548,4
Column_549,4
Column_550,9
Column_551,6
Column_552,0
Column_553,0
Column_554,0
Column_555,0
Column_556,2
Column_557,6
Column_558,2
Column_559,0
Column_560,2
Column_561,2
Column_562,3
Column_563,6
Column_564,4
Column_565,0
Column_566,1
Column_567,0
Column_568,2
Column_569,4
Column_570,1
Column_571,0
Column_572,2
Column_573,2
Column_574,0
Column_575,0
Column_576,0
Column_577,3
Column_578,4
Column_579,1
Column_580,0
Column_581,0
Column_582,0
Column_583,1
Column_584,5
Column_585,1
Column_586,0
Column_587,2
Column_588,0
Column_589,3
Column_590,1
Column_591,4
Column_592,2
Column_593,2
Column_594,2
Column_595,3
Column_596,2
Column_597,0
Column_598,0
Column_599,0
Column_600,0
Column_601,158
Column_602,0
Column_603,1
Column_604,2
Column_605,0
Column_606,0
Column_607,3
Column_608,0
Column_609,0
Column_610,9
Column_611,2
Column_612,0
Column_613,8
Column_614,1
Column_615,4
Column_616,0
Column_617,6
Column_618,0
Column_619,2
Column_620,2
Column_621,0
Column_622,2
Column_623,3
Column_624,2
Column_625,0
Column_626,1
Column_627,3
Column_628,0
Column_629,2
Column_630,1
Column_631,0
Column_632,4
Column_633,0
Column_634,0
Column_635,1
Column_636,0
Column_637,0
Column_638,3
Column_639,3
Column_640,1
Column_641,8
Column_642,1
Column_643,1
Column_644,7
Column_645,0
Column_646,1
Column_647,0
Column_648,1
Column_649,5
Column_650,8
Column_651,1
Column_652,0
Column_653,0
Column_654,0
Column_655,1
Column_656,1
Column_657,1
Column_658,2
Column_659,2
Column_660,0
Column_661,4
Column_662,2
Column_663,0
Column_664,2
Column_665,0
Column_666,4
Column_667,1
Column_668,3
Column_669,1
Column_670,5
Column_671,1
Column_672,4
Column_673,0
Column_674,1
Column_675,2
Column_676,0
Column_677,2
Column_678,3
Column_679,0
Column_680,9
Column_681,1
Column_682,0
Column_683,0
Column_684,0
Column_685,6
Column_686,0
Column_687,1
Column_688,0
Column_689,0
Column_690,2
Column_691,0
Column_692,3
Column_693,1
Column_694,11
Column_695,1
Column_696,0
Column_697,4
Column_698,3
Column_699,0
Column_700,0
Column_701,0
Column_702,6
Column_703,1
Column_704,3
Column_705,3
Column_706,0
Column_707,0
Column_708,0
Column_709,0
Column_710,2
Column_711,4
Column_712,0
Column_713,0
Column_714,0
Column_715,1
Column_716,1
Column_717,3
Column_718,2
Column_719,0
Column_720,0
Column_721,0
Column_722,0
Column_723,1
Column_724,0
Column_725,0
Column_726,2
Column_727,3
Column_728,2
Column_729,0
Column_730,0
Column_731,0
Column_732,0
Column_733,1
Column_734,0
Column_735,0
Column_736,0
Column_737,2
Column_738,3
Column_739,0
Column_740,1
Column_741,2
Column_742,0
Column_743,3
Column_744,0
Column_745,1
Column_746,1
Column_747,1
Column_748,0
Column_749,1
Column_750,0
Column_751,0
Column_752,1
Column_753,0
Column_754,0
Column_755,10
Column_756,4
Column_757,1
Column_758,0
Column_759,1
Column_760,0
Column_761,0
Column_762,0
Column_763,2
Column_764,1
Column_765,3
Column_766,0
Column_767,4
Column_768,0
Column_769,1
Column_770,1
Column_771,0
Column_772,0
Column_773,2
Column_774,1
Column_775,0
Column_776,4
Column_777,0
Column_778,0
Column_779,0
Column_780,0
Column_781,3
Column_782,0
Column_783,0
Column_784,1
Column_785,0
Column_786,4
Column_787,0
Column_788,1
Column_789,4
Column_790,1
Column_791,1
Column_792,4
Column_793,2
Column_794,2
Column_795,10
Column_796,0
Column_797,2
Column_798,2
Column_799,0
Column_800,0
Column_801,0
Column_802,4
Column_803,2
Column_804,10
Column_805,1
Column_806,0
Column_807,0
Column_808,1
Column_809,0
Column_810,0
Column_811,1
Column_812,6
Column_813,3
Column_814,0
Column_815,1
Column_816,2
Column_817,1
Column_818,2
Column_819,0
Column_820,3
Column_821,3
Column_822,1
Column_823,2
Column_824,3
Column_825,0
Column_826,3
Column_827,0
Column_828,3
Column_829,2
Column_830,1
Column_831,0
Column_832,2
Column_833,2
Column_834,2
Column_835,0
Column_836,0
Column_837,0
Column_838,0
Column_839,1
Column_840,0
Column_841,1
Column_842,0
Column_843,3
Column_844,0
Column_845,2
Column_846,3
Column_847,1
Column_848,6
Column_849,1
Column_850,3
Column_851,8
Column_852,0
Column_853,0
Column_854,0
Column_855,1
Column_856,6
Column_857,5
Column_858,1
Column_859,5
Column_860,1
Column_861,0
Column_862,1
Column_863,0
Column_864,4
Column_865,8
Column_866,5
Column_867,0
Column_868,2
Column_869,5
Column_870,0
Column_871,0
Column_872,3
Column_873,1
Column_874,2
Column_875,2
Column_876,1
Column_877,2
Column_878,0
Column_879,0
Column_880,2
Column_881,1
Column_882,0
Column_883,0
Column_884,1
Column_885,3
Column_886,0
Column_887,2
Column_888,0
Column_889,0
Column_890,0
Column_891,4
Column_892,4
Column_893,0
Column_894,0
Column_895,0
Column_896,0
Column_897,1
Column_898,1
Column_899,0
Column_900,0
Column_901,1
Column_902,3
Column_903,2
Column_904,1
Column_905,0
Column_906,0
Column_907,0
Column_908,0
Column_909,7
Column_910,4
Column_911,0
Column_912,1
Column_913,1
Column_914,0
Column_915,0
Column_916,0
Column_917,2
Column_918,3
Column_919,2
Column_920,0
Column_921,5
Column_922,0
Column_923,2
Column_924,1
Column_925,5
Column_926,0
Column_927,1
Column_928,2
Column_929,0
Column_930,3
Column_931,2
Column_932,1
Column_933,0
Column_934,2
Column_935,6
Column_936,0
Column_937,1
Column_938,1
Column_939,0
Column_940,6
Column_941,1
Column_942,0
Column_943,5
Column_944,0
Column_945,0
Column_946,1
Column_947,1
Column_948,0
Column_949,3
Column_950,3
Column_951,1
Column_952,1
Column_953,0
Column_954,0
Column_955,0
Column_956,1
Column_957,0
Column_958,5
Column_959,2
Column_960,0
Column_961,0
Column_962,0
Column_963,0
Column_964,1
Column_965,1
Column_966,2
Column_967,0
Column_968,0
Column_969,0
Column_970,3
Column_971,0
Column_972,3
Column_973,2
Column_974,4
Column_975,1
Column_976,1
Column_977,4
Column_978,0
Column_979,2
Column_980,4
Column_981,1
Column_982,1
Column_983,4
Column_984,1
Column_985,0
Column_986,1
Column_987,1
Column_988,8
Column_989,0
Column_990,3
Column_991,0
Column_992,0
Column_993,1
Column_994,0
Column_995,2
Column_996,0
Column_997,4
Column_998,3
Column_999,5
Column_1000,2
Column_1001,1
Column_1002,11
Column_1003,3
Column_1004,1
Column_1005,6
Column_1006,2
Column_1007,0
Column_1008,0
Column_1009,0
Column_1010,3
Column_1011,2
Column_1012,2
Column_1013,3
Column_1014,1
Column_1015,0
Column_1016,1
Column_1017,0
Column_1018,2
Column_1019,3
Column_1020,2
Column_1021,0
Column_1022,1
Column_1023,4
Column_1024,1
Column_1025,4
Column_1026,2
Column_1027,0
Column_1028,0
Column_1029,2
Column_1030,3
Column_1031,1
Column_1032,0
Column_1033,1
Column_1034,0
Column_1035,1
Column_1036,0
Column_1037,0
Column_1038,0
Column_1039,2
Column_1040,0
Column_1041,1
Column_1042,0
Column_1043,1
Column_1044,0
Column_1045,1
Column_1046,3
Column_1047,0
Column_1048,0
Column_1049,1
Column_1050,0
Column_1051,3
Column_1052,0
Column_1053,0
Column_1054,3
Column_1055,1
Column_1056,3
Column_1057,1
Column_1058,0
Column_1059,0
Column_1060,0
Column_1061,0
Column_1062,0
Column_1063,14
Column_1064,1
Column_1065,0
Column_1066,3
Column_1067,0
Column_1068,0
Column_1069,0
Column_1070,0
Column_1071,4
Column_1072,2
Column_1073,5
Column_1074,0
Column_1075,6
Column_1076,1
Column_1077,2
Column_1078,0
Column_1079,5
Column_1080,0
Column_1081,4
Column_1082,2
Column_1083,0
Column_1084,1
Column_1085,1
Column_1086,0
Column_1087,2
Column_1088,3
Column_1089,1
Column_1090,0
Column_1091,3
Column_1092,3
Column_1093,0
Column_1094,9
Column_1095,0
Column_1096,0
Column_1097,2
Column_1098,0
Column_1099,0
Column_1100,4
Column_1101,2
Column_1102,2
Column_1103,2
Column_1104,1
Column_1105,1
Column_1106,0
Column_1107,0
Column_1108,0
Column_1109,0
Column_1110,2
Column_1111,0
Column_1112,3
Column_1113,1
Column_1114,0
Column_1115,0
Column_1116,0
Column_1117,1
Column_1118,1
Column_1119,1
Column_1120,4
Column_1121,3
Column_1122,0
Column_1123,1
Column_1124,3
Column_1125,2
Column_1126,2
Column_1127,0
Column_1128,1
Column_1129,3
Column_1130,2
Column_1131,3
Column_1132,3
Column_1133,1
Column_1134,2
Column_1135,0
Column_1136,2
Column_1137,0
Column_1138,0
Column_1139,1
Column_1140,0
Column_1141,2
Column_1142,4
Column_1143,0
Column_1144,0
Column_1145,1
Column_1146,1
Column_1147,1
Column_1148,0
Column_1149,0
Column_1150,0
Column_1151,2
Column_1152,3
Column_1153,0
Column_1154,4
Column_1155,1
Column_1156,5
Column_1157,0
Column_1158,1
Column_1159,9
Column_1160,2
Column_1161,0
Column_1162,0
Column_1163,0
Column_1164,1
Column_1165,3
Column_1166,1
Column_1167,1
Column_1168,0
Column_1169,0
Column_1170,0
Column_1171,1
Column_1172,0
Column_1173,3
Column_1174,1
Column_1175,0
Column_1176,2
Column_1177,1
Column_1178,2
Column_1179,4
Column_1180,1
Column_1181,2
Column_1182,0
Column_1183,1
Column_1184,2
Column_1185,1
Column_1186,1
Column_1187,0
Column_1188,1
Column_1189,2
Column_1190,0
Column_1191,0
Column_1192,1
Column_1193,1
Column_1194,0
Column_1195,1
Column_1196,0
Column_1197,1
Column_1198,0
Column_1199,0
Column_1200,1
Column_1201,2
Column_1202,1
Column_1203,1
Column_1204,0
Column_1205,1
Column_1206,0
Column_1207,4
Column_1208,0
Column_1209,1
Column_1210,2
Column_1211,0
Column_1212,1
Column_1213,0
Column_1214,0
Column_1215,0
Column_1216,0
Column_1217,5
Column_1218,2
Column_1219,4
Column_1220,1
Column_1221,1
Column_1222,0
Column_1223,0
Column_1224,0
Column_1225,2
Column_1226,5
Column_1227,3
Column_1228,0
Column_1229,2
Column_1230,2
Column_1231,1
Column_1232,1
Column_1233,4
Column_1234,0
Column_1235,1
Column_1236,1
Column_1237,0
Column_1238,3
Column_1239,2
Column_1240,1
Column_1241,0
Column_1242,1
Column_1243,5
Column_1244,0
Column_1245,3
Column_1246,3
Column_1247,0
Column_1248,0
Column_1249,0
Column_1250,0
Column_1251,3
Column_1252,0
Column_1253,0
Column_1254,3
Column_1255,3
Column_1256,3
Column_1257,5
Column_1258,3
Column_1259,0
Column_1260,3
Column_1261,0
Column_1262,0
Column_1263,0
Column_1264,1
Column_1265,0
Column_1266,5
Column_1267,3
Column_1268,0
Column_1269,0
Column_1270,0
Column_1271,0
Column_1272,0
Column_1273,3
Column_1274,6
Column_1275,0
Column_1276,0
Column_1277,2
Column_1278,3
Column_1279,0
Column_1280,2
Column_1281,1
Column_1282,1
Column_1283,1
Column_1284,1
Column_1285,1
Column_1286,1
Column_1287,3
Column_1288,1
Column_1289,0
Column_1290,0
Column_1291,4
Column_1292,0
Column_1293,3
Column_1294,2
Column_1295,3
Column_1296,0
Column_1297,0
Column_1298,0
Column_1299,1
Column_1300,0
Column_1301,2
Column_1302,0
Column_1303,2
Column_1304,0
Column_1305,5
Column_1306,2
Column_1307,1
Column_1308,3
Column_1309,4
Column_1310,9
Column_1311,1
Column_1312,1
Column_1313,5
Column_1314,0
Column_1315,0
Column_1316,0
Column_1317,0
Column_1318,0
Column_1319,3
Column_1320,3
Column_1321,3
Column_1322,0
Column_1323,0
Column_1324,0
Column_1325,1
Column_1326,1
Column_1327,7
Column_1328,2
Column_1329,0
Column_1330,0
Column_1331,4
Column_1332,0
Column_1333,2
Column_1334,1
Column_1335,1
Column_1336,0
Column_1337,0
Column_1338,1
Column_1339,1
Column_1340,0
Column_1341,0
Column_1342,5
Column_1343,0
Column_1344,0
Column_1345,0
Column_1346,1
Column_1347,4
Column_1348,1
Column_1349,0
Column_1350,0
Column_1351,1
Column_1352,0
Column_1353,1
Column_1354,2
Column_1355,0
Column_1356,0
Column_1357,1
Column_1358,0
Column_1359,0
Column_1360,1
Column_1361,1
Column_1362,0
Column_1363,1
Column_1364,2
Column_1365,0
Column_1366,1
Column_1367,0
Column_1368,0
Column_1369,0
Column_1370,0
Column_1371,6
Column_1372,1
Column_1373,2
Column_1374,1
Column_1375,0
Column_1376,0
Column_1377,0
Column_1378,0
Column_1379,0
Column_1380,0
Column_1381,2
Column_1382,0
Column_1383,0
Column_1384,0
Column_1385,0
Column_1386,1
Column_1387,0
Column_1388,0
Column_1389,1
Column_1390,0
Column_1391,0
Column_1392,5
Column_1393,0
Column_1394,2
Column_1395,1
Column_1396,2
Column_1397,3
Column_1398,0
Column_1399,2
Column_1400,0
Column_1401,1
Column_1402,4
Column_1403,0
Column_1404,0
Column_1405,2
Column_1406,0
Column_1407,0
Column_1408,1
Column_1409,4
Column_1410,1
Column_1411,3
Column_1412,1
Column_1413,1
Column_1414,4
Column_1415,0
Column_1416,1
Column_1417,0
Column_1418,2
Column_1419,1
Column_1420,1
Column_1421,1
Column_1422,0
Column_1423,0
Column_1424,0
Column_1425,0
Column_1426,0
Column_1427,3
Column_1428,2
Column_1429,1
Column_1430,0
Column_1431,1
Column_1432,0
Column_1433,0
Column_1434,2
Column_1435,0
Column_1436,3
Column_1437,1
Column_1438,2
Column_1439,2
Column_1440,2
Column_1441,1
Column_1442,6
Column_1443,1
Column_1444,4
Column_1445,0
Column_1446,0
Column_1447,1
Column_1448,1
Column_1449,2
Column_1450,3
Column_1451,2
Column_1452,0
Column_1453,0
Column_1454,0
Column_1455,0
Column_1456,0
Column_1457,2
Column_1458,0
Column_1459,1
Column_1460,2
Column_1461,0
Column_1462,5
Column_1463,1
Column_1464,5
Column_1465,0
Column_1466,1
Column_1467,2
Column_1468,0
Column_1469,0
Column_1470,0
Column_1471,0
Column_1472,1
Column_1473,1
Column_1474,2
Column_1475,2
Column_1476,1
Column_1477,0
Column_1478,0
Column_1479,0
Column_1480,1
Column_1481,9
Column_1482,0
Column_1483,0
Column_1484,1
Column_1485,2
Column_1486,0
Column_1487,2
Column_1488,0
Column_1489,2
Column_1490,1
Column_1491,0
Column_1492,1
Column_1493,0
Column_1494,0
Column_1495,1
Column_1496,1
Column_1497,2
Column_1498,1
Column_1499,0
Column_1500,0
Column_1501,1
Column_1502,0
Column_1503,0
Column_1504,0
Column_1505,1
Column_1506,0
Column_1507,3
Column_1508,5
Column_1509,0
Column_1510,0
Column_1511,1
Column_1512,0
Column_1513,1
Column_1514,2
Column_1515,1
Column_1516,0
Column_1517,5
Column_1518,0
Column_1519,0
Column_1520,1
Column_1521,0
Column_1522,1
Column_1523,0
Column_1524,0
Column_1525,2
Column_1526,2
Column_1527,5
Column_1528,1
Column_1529,0
Column_1530,0
Column_1531,0
Column_1532,0
Column_1533,1
Column_1534,3
Column_1535,4
Column_1536,0
Column_1537,7
Column_1538,2
Column_1539,1
Column_1540,2
Column_1541,2
Column_1542,0
Column_1543,4
Column_1544,1
Column_1545,0
Column_1546,3
Column_1547,1
Column_1548,1
Column_1549,0
Column_1550,0
Column_1551,2
Column_1552,0
Column_1553,1
Column_1554,1
Column_1555,0
Column_1556,5
Column_1557,0
Column_1558,0
Column_1559,1
Column_1560,0
Column_1561,0
Column_1562,0
Column_1563,1
Column_1564,3
Column_1565,7
Column_1566,2
Column_1567,2
Column_1568,2
Column_1569,0
Column_1570,0
Column_1571,1
Column_1572,2
Column_1573,1
Column_1574,3
Column_1575,3
Column_1576,0
Column_1577,0
Column_1578,0
Column_1579,0
Column_1580,0
Column_1581,2
Column_1582,3
Column_1583,1
Column_1584,0
Column_1585,3
Column_1586,0
Column_1587,1
Column_1588,3
Column_1589,0
Column_1590,4
Column_1591,3
Column_1592,1
Column_1593,6
Column_1594,0
Column_1595,2
Column_1596,2
Column_1597,1
Column_1598,4
Column_1599,3
Column_1600,0
Column_1601,4
Column_1602,1
Column_1603,2
Column_1604,1
Column_1605,0
Column_1606,0
Column_1607,1
Column_1608,0
Column_1609,0
Column_1610,0
Column_1611,0
Column_1612,0
Column_1613,1
Column_1614,0
Column_1615,0
Column_1616,5
Column_1617,1
Column_1618,5
Column_1619,2
Column_1620,2
Column_1621,4
Column_1622,1
Column_1623,0
Column_1624,0
Column_1625,0
Column_1626,3
Column_1627,1
Column_1628,0
Column_1629,3
Column_1630,0
Column_1631,0
Column_1632,1
Column_1633,0
Column_1634,1
Column_1635,5
Column_1636,1
Column_1637,0
Column_1638,3
Column_1639,2
Column_1640,0
Column_1641,1
Column_1642,0
Column_1643,0
Column_1644,0
Column_1645,0
Column_1646,1
Column_1647,1
Column_1648,0
Column_1649,0
Column_1650,1
Column_1651,2
Column_1652,0
Column_1653,0
Column_1654,1
Column_1655,0
Column_1656,0
Column_1657,0
Column_1658,0
Column_1659,0
Column_1660,0
Column_1661,1
Column_1662,3
Column_1663,0
Column_1664,0
Column_1665,0
Column_1666,0
Column_1667,1
Column_1668,1
Column_1669,1
Column_1670,0
Column_1671,0
Column_1672,2
Column_1673,2
Column_1674,0
Column_1675,0
Column_1676,1
Column_1677,0
Column_1678,0
Column_1679,5
Column_1680,2
Column_1681,4
Column_1682,1
Column_1683,1
Column_1684,0
Column_1685,0
Column_1686,0
Column_1687,0
Column_1688,5
Column_1689,2
Column_1690,0
Column_1691,5
Column_1692,1
Column_1693,1
Column_1694,0
Column_1695,3
Column_1696,0
Column_1697,2
Column_1698,1
Column_1699,0
Column_1700,3
Column_1701,2
Column_1702,6
Column_1703,0
Column_1704,1
Column_1705,0
Column_1706,0
Column_1707,1
Column_1708,0
Column_1709,1
Column_1710,0
Column_1711,0
Column_1712,0
Column_1713,1
Column_1714,0
Column_1715,0
Column_1716,3
Column_1717,1
Column_1718,3
Column_1719,6
Column_1720,2
Column_1721,0
Column_1722,2
Column_1723,0
Column_1724,0
Column_1725,0
Column_1726,4
Column_1727,4
Column_1728,10
Column_1729,2
Column_1730,0
Column_1731,0
Column_1732,0
Column_1733,0
Column_1734,0
Column_1735,2
Column_1736,4
Column_1737,0
Column_1738,0
Column_1739,1
Column_1740,0
Column_1741,0
Column_1742,4
Column_1743,0
Column_1744,5
Column_1745,3
Column_1746,0
Column_1747,2
Column_1748,1
Column_1749,2
Column_1750,1
Column_1751,1
Column_1752,2
Column_1753,2
Column_1754,0
Column_1755,3
Column_1756,0
Column_1757,0
Column_1758,3
Column_1759,0
Column_1760,0
Column_1761,0
Column_1762,0
Column_1763,1
Column_1764,0
Column_1765,0
Column_1766,0
Column_1767,1
Column_1768,1
Column_1769,1
Column_1770,3
Column_1771,2
Column_1772,6
Column_1773,3
Column_1774,2
Column_1775,5
Column_1776,1
Column_1777,0
Column_1778,0
Column_1779,0
Column_1780,0
Column_1781,2
Column_1782,2
Column_1783,0
Column_1784,0
Column_1785,0
Column_1786,1
Column_1787,1
Column_1788,0
Column_1789,8
Column_1790,2
Column_1791,1
Column_1792,1
Column_1793,3
Column_1794,1
Column_1795,0
Column_1796,0
Column_1797,1
Column_1798,0
Column_1799,0
Column_1800,3
Column_1801,3
Column_1802,0
Column_1803,0
Column_1804,1
Column_1805,0
Column_1806,1
Column_1807,0
Column_1808,1
Column_1809,1
Column_1810,3
Column_1811,0
Column_1812,0
Column_1813,0
Column_1814,0
Column_1815,2
Column_1816,2
Column_1817,1
Column_1818,0
Column_1819,1
Column_1820,0
Column_1821,0
Column_1822,1
Column_1823,1
Column_1824,0
Column_1825,2
Column_1826,2
Column_1827,2
Column_1828,0
Column_1829,0
Column_1830,0
Column_1831,1
Column_1832,0
Column_1833,3
Column_1834,4
Column_1835,4
Column_1836,0
Column_1837,0
Column_1838,0
Column_1839,0
Column_1840,0
Column_1841,0
Column_1842,9
Column_1843,2
Column_1844,0
Column_1845,4
Column_1846,3
Column_1847,1
Column_1848,0
Column_1849,2
Column_1850,0
Column_1851,1
Column_1852,0
Column_1853,0
Column_1854,1
Column_1855,2
Column_1856,4
Column_1857,0
Column_1858,2
Column_1859,3
Column_1860,0
Column_1861,0
Column_1862,0
Column_1863,1
Column_1864,3
Column_1865,0
Column_1866,0
Column_1867,2
Column_1868,0
Column_1869,0
Column_1870,2
Column_1871,1
Column_1872,1
Column_1873,7
Column_1874,2
Column_1875,0
Column_1876,3
Column_1877,0
Column_1878,0
Column_1879,0
Column_1880,2
Column_1881,1
Column_1882,5
Column_1883,2
Column_1884,0
Column_1885,0
Column_1886,0
Column_1887,0
Column_1888,0
Column_1889,2
Column_1890,3
Column_1891,3
Column_1892,0
Column_1893,0
Column_1894,3
Column_1895,1
Column_1896,3
Column_1897,0
Column_1898,6
Column_1899,2
Column_1900,1
Column_1901,3
Column_1902,3
Column_1903,1
Column_1904,3
Column_1905,2
Column_1906,1
Column_1907,5
Column_1908,0
Column_1909,1
Column_1910,2
Column_1911,1
Column_1912,0
Column_1913,0
Column_1914,0
Column_1915,0
Column_1916,0
Column_1917,0
Column_1918,0
Column_1919,0
Column_1920,0
Column_1921,1
Column_1922,0
Column_1923,2
Column_1924,4
Column_1925,2
Column_1926,4
Column_1927,2
Column_1928,1
Column_1929,1
Column_1930,0
Column_1931,0
Column_1932,1
Column_1933,1
Column_1934,1
Column_1935,0
Column_1936,3
Column_1937,5
Column_1938,0
Column_1939,1
Column_1940,0
Column_1941,0
Column_1942,0
Column_1943,12
Column_1944,1
Column_1945,0
Column_1946,0
Column_1947,8
Column_1948,0
Column_1949,1
Column_1950,1
Column_1951,0
Column_1952,0
Column_1953,0
Column_1954,0
Column_1955,0
Column_1956,0
Column_1957,0
Column_1958,3
Column_1959,0
Column_1960,0
Column_1961,0
Column_1962,1
Column_1963,4
Column_1964,1
Column_1965,1
Column_1966,0
Column_1967,0
Column_1968,0
Column_1969,3
Column_1970,3
Column_1971,2
Column_1972,0
Column_1973,2
Column_1974,0
Column_1975,0
Column_1976,3
Column_1977,1
Column_1978,0
Column_1979,2
Column_1980,3
Column_1981,1
Column_1982,2
Column_1983,1
Column_1984,1
Column_1985,0
Column_1986,0
Column_1987,1
Column_1988,4
Column_1989,2
Column_1990,1
Column_1991,0
Column_1992,0
Column_1993,0
Column_1994,0
Column_1995,2
Column_1996,4
Column_1997,1
Column_1998,0
Column_1999,4
Column_2000,2
Column_2001,0
Column_2002,1
Column_2003,3
Column_2004,0
Column_2005,4
Column_2006,4
Column_2007,0
Column_2008,2
Column_2009,3
Column_2010,1
Column_2011,1
Column_2012,3
Column_2013,3
Column_2014,0
Column_2015,1
Column_2016,1
Column_2017,0
Column_2018,1
Column_2019,0
Column_2020,0
Column_2021,0
Column_2022,0
Column_2023,0
Column_2024,3
Column_2025,1
Column_2026,0
Column_2027,5
Column_2028,1
Column_2029,1
Column_2030,3
Column_2031,0
Column_2032,0
Column_2033,0
Column_2034,5
Column_2035,1
Column_2036,0
Column_2037,2
Column_2038,0
Column_2039,0
Column_2040,0
Column_2041,0
Column_2042,0
Column_2043,3
Column_2044,2
Column_2045,1
Column_2046,0
Column_2047,2
Column_2048,2
Column_2049,1
Column_2050,0
Column_2051,0
Column_2052,1
Column_2053,4
Column_2054,0
Column_2055,6
Column_2056,2
Column_2057,4
Column_2058,3
Column_2059,0
Column_2060,1
Column_2061,2
Column_2062,0
Column_2063,2
Column_2064,2
Column_2065,4
Column_2066,2
Column_2067,0
Column_2068,3
Column_2069,1
Column_2070,0
Column_2071,2
Column_2072,0
Column_2073,2
Column_2074,0
Column_2075,1
Column_2076,2
Column_2077,2
Column_2078,2
Column_2079,4
Column_2080,2
Column_2081,0
Column_2082,1
Column_2083,4
Column_2084,2
Column_2085,0
Column_2086,0
Column_2087,0
Column_2088,4
Column_2089,1
Column_2090,4
Column_2091,1
Column_2092,0
Column_2093,0
Column_2094,1
Column_2095,0
Column_2096,3
Column_2097,1
Column_2098,3
Column_2099,1
Column_2100,1
Column_2101,0
Column_2102,1
Column_2103,3
Column_2104,1
Column_2105,0
Column_2106,0
Column_2107,0
Column_2108,1
Column_2109,2
Column_2110,0
Column_2111,0
Column_2112,1
Column_2113,1
Column_2114,1
Column_2115,0
Column_2116,1
Column_2117,1
Column_2118,3
Column_2119,0
Column_2120,0
Column_2121,0
Column_2122,0
Column_2123,1
Column_2124,1
Column_2125,0
Column_2126,0
Column_2127,1
Column_2128,0
Column_2129,2
Column_2130,2
Column_2131,0
Column_2132,0
Column_2133,5
Column_2134,3
Column_2135,2
Column_2136,1
Column_2137,0
Column_2138,0
Column_2139,0
Column_2140,0
Column_2141,3
Column_2142,2
Column_2143,3
Column_2144,0
Column_2145,0
Column_2146,0
Column_2147,0
Column_2148,0
Column_2149,0
Column_2150,3
Column_2151,3
Column_2152,0
Column_2153,1
Column_2154,1
Column_2155,2
Column_2156,1
Column_2157,1
Column_2158,0
Column_2159,2
Column_2160,5
Column_2161,0
Column_2162,0
Column_2163,0
Column_2164,3
Column_2165,3
Column_2166,2
Column_2167,3
Column_2168,0
Column_2169,0
Column_2170,0
Column_2171,1
Column_2172,0
Column_2173,0
Column_2174,0
Column_2175,1
Column_2176,0
Column_2177,0
Column_2178,2
Column_2179,0
Column_2180,1
Column_2181,2
Column_2182,0
Column_2183,3
Column_2184,3
Column_2185,0
Column_2186,0
Column_2187,0
Column_2188,5
Column_2189,2
Column_2190,1
Column_2191,3
Column_2192,0
Column_2193,0
Column_2194,1
Column_2195,0
Column_2196,0
Column_2197,3
Column_2198,1
Column_2199,2
Column_2200,0
Column_2201,1
Column_2202,5
Column_2203,2
Column_2204,1
Column_2205,0
Column_2206,3
Column_2207,2
Column_2208,1
Column_2209,0
Column_2210,3
Column_2211,2
Column_2212,1
Column_2213,1
Column_2214,1
Column_2215,1
Column_2216,0
Column_2217,1
Column_2218,3
Column_2219,0
Column_2220,0
Column_2221,0
Column_2222,0
Column_2223,5
Column_2224,0
Column_2225,1
Column_2226,0
Column_2227,0
Column_2228,0
Column_2229,3
Column_2230,1
Column_2231,3
Column_2232,3
Column_2233,2
Column_2234,4
Column_2235,3
Column_2236,2
Column_2237,4
Column_2238,0
Column_2239,0
Column_2240,0
Column_2241,1
Column_2242,2
Column_2243,1
Column_2244,2
Column_2245,1
Column_2246,1
Column_2247,0
Column_2248,0
Column_2249,0
Column_2250,4
Column_2251,3
Column_2252,2
Column_2253,0
Column_2254,1
Column_2255,0
Column_2256,0
Column_2257,1
Column_2258,1
Column_2259,0
Column_2260,0
Column_2261,0
Column_2262,2
Column_2263,0
Column_2264,0
Column_2265,0
Column_2266,1
Column_2267,0
Column_2268,0
Column_2269,0
Column_2270,2
Column_2271,2
Column_2272,1
Column_2273,0
Column_2274,0
Column_2275,1
Column_2276,0
Column_2277,1
Column_2278,1
Column_2279,0
Column_2280,0
Column_2281,0
Column_2282,0
Column_2283,2
Column_2284,0
Column_2285,1
Column_2286,0
Column_2287,0
Column_2288,0
Column_2289,4
Column_2290,1
Column_2291,1
Column_2292,0
Column_2293,0
Column_2294,0
Column_2295,3
Column_2296,3
Column_2297,3
Column_2298,2
Column_2299,0
Column_2300,0
Column_2301,0
Column_2302,0
Column_2303,1
Column_2304,6
Column_2305,3
Column_2306,0
Column_2307,1
Column_2308,0
Column_2309,1
Column_2310,1
Column_2311,2
Column_2312,0
Column_2313,1
Column_2314,2
Column_2315,0
Column_2316,3
Column_2317,2
Column_2318,3
Column_2319,0
Column_2320,1
Column_2321,4
Column_2322,0
Column_2323,1
Column_2324,2
Column_2325,0
Column_2326,3
Column_2327,0
Column_2328,0
Column_2329,2
Column_2330,0
Column_2331,0
Column_2332,1
Column_2333,0
Column_2334,0
Column_2335,3
Column_2336,2
Column_2337,0
Column_2338,3
Column_2339,0
Column_2340,0
Column_2341,0
Column_2342,0
Column_2343,0
Column_2344,4
Column_2345,3
Column_2346,0
Column_2347,0
Column_2348,2
Column_2349,0
Column_2350,0
Column_2351,0
Column_2352,6
Column_2353,1
Column_2354,0
Column_2355,0
Column_2356,3
Column_2357,0
Column_2358,2
Column_2359,0
Column_2360,2
Column_2361,0
Column_2362,2
Column_2363,0
Column_2364,3
Column_2365,1
Column_2366,1
Column_2367,0
Column_2368,1
Column_2369,0
Column_2370,1
Column_2371,4
Column_2372,4
Column_2373,7
Column_2374,2
Column_2375,1
Column_2376,0
Column_2377,1
Column_2378,1
Column_2379,2
Column_2380,0
Column_2381,0
Column_2382,0
Column_2383,2
Column_2384,1
Column_2385,4
Column_2386,4
Column_2387,1
Column_2388,4
Column_2389,2
Column_2390,0
Column_2391,2
Column_2392,0
Column_2393,0
Column_2394,0
Column_2395,0
Column_2396,2
Column_2397,1
Column_2398,2
Column_2399,0
Column_2400,0
Column_2401,0
Column_2402,0
Column_2403,1
Column_2404,1
Column_2405,3
Column_2406,2
Column_2407,1
Column_2408,3
Column_2409,3
Column_2410,0
Column_2411,2
Column_2412,1
Column_2413,1
Column_2414,1
Column_2415,0
Column_2416,4
Column_2417,1
Column_2418,0
Column_2419,1
Column_2420,0
Column_2421,0
Column_2422,1
Column_2423,0
Column_2424,0
Column_2425,2
Column_2426,1
Column_2427,0
Column_2428,0
Column_2429,1
Column_2430,0
Column_2431,2
Column_2432,4
Column_2433,3
Column_2434,1
Column_2435,0
Column_2436,0
Column_2437,1
Column_2438,3
Column_2439,0
Column_2440,0
Column_2441,2
Column_2442,1
Column_2443,3
Column_2444,0
Column_2445,0
Column_2446,0
Column_2447,0
Column_2448,0
Column_2449,5
Column_2450,3
Column_2451,6
Column_2452,3
Column_2453,0
Column_2454,0
Column_2455,0
Column_2456,0
Column_2457,0
Column_2458,4
Column_2459,0
Column_2460,0
Column_2461,5
Column_2462,0
Column_2463,0
Column_2464,2
Column_2465,2
Column_2466,0
Column_2467,2
Column_2468,5
Column_2469,0
Column_2470,3
Column_2471,0
Column_2472,1
Column_2473,1
Column_2474,2
Column_2475,3
Column_2476,0
Column_2477,2
Column_2478,2
Column_2479,0
Column_2480,4
Column_2481,0
Column_2482,0
Column_2483,3
Column_2484,0
Column_2485,0
Column_2486,4
Column_2487,0
Column_2488,2
Column_2489,5
Column_2490,1
Column_2491,0
Column_2492,0
Column_2493,0
Column_2494,0
Column_2495,0
Column_2496,1
Column_2497,1
Column_2498,10
Column_2499,2
Column_2500,0
Column_2501,0
Column_2502,0
Column_2503,0
Column_2504,0
Column_2505,1
Column_2506,2
Column_2507,1
Column_2508,0
Column_2509,1
Column_2510,1
Column_2511,0
Column_2512,0
Column_2513,0
Column_2514,1
Column_2515,0
Column_2516,2
Column_2517,2
Column_2518,0
Column_2519,2
Column_2520,1
Column_2521,0
Column_2522,3
Column_2523,3
Column_2524,0
Column_2525,2
Column_2526,1
Column_2527,3
Column_2528,1
Column_2529,2
Column_2530,0
Column_2531,3
Column_2532,1
Column_2533,5
Column_2534,0
Column_2535,0
Column_2536,1
Column_2537,1
Column_2538,1
Column_2539,0
Column_2540,2
Column_2541,2
Column_2542,7
Column_2543,1
Column_2544,1
Column_2545,8
Column_2546,0
Column_2547,0
Column_2548,1
Column_2549,4
Column_2550,1
Column_2551,1
Column_2552,7
Column_2553,2
Column_2554,1
Column_2555,0
Column_2556,0
Column_2557,0
Column_2558,4
Column_2559,6
Column_2560,1
Column_2561,1
Column_2562,1
Column_2563,2
Column_2564,1
Column_2565,1
Column_2566,0
Column_2567,0
Column_2568,0
Column_2569,0
Column_2570,1
Column_2571,3
Column_2572,0
Column_2573,0
Column_2574,0
Column_2575,0
Column_2576,0
Column_2577,0
Column_2578,0
Column_2579,3
Column_2580,0
Column_2581,0
Column_2582,1
Column_2583,1
Column_2584,0
Column_2585,0
Column_2586,2
Column_2587,0
Column_2588,0
Column_2589,1
Column_2590,0
Column_2591,2
Column_2592,1
Column_2593,4
Column_2594,0
Column_2595,2
Column_2596,1
Column_2597,2
Column_2598,3
Column_2599,1
Column_2600,0
Column_2601,1
Column_2602,1
Column_2603,5
Column_2604,2
Column_2605,3
Column_2606,2
Column_2607,1
Column_2608,0
Column_2609,0
Column_2610,0
Column_2611,1
Column_2612,4
Column_2613,0
Column_2614,0
Column_2615,1
Column_2616,1
Column_2617,2
Column_2618,1
Column_2619,1
Column_2620,0
Column_2621,1
Column_2622,2
Column_2623,0
Column_2624,0
Column_2625,1
Column_2626,1
Column_2627,1
Column_2628,0
Column_2629,2
Column_2630,0
Column_2631,1
Column_2632,1
Column_2633,0
Column_2634,3
Column_2635,0
Column_2636,0
Column_2637,1
Column_2638,0
Column_2639,0
Column_2640,1
Column_2641,0
Column_2642,1
Column_2643,3
Column_2644,0
Column_2645,0
Column_2646,2
Column_2647,0
Column_2648,0
Column_2649,0
Column_2650,2
Column_2651,1
Column_2652,2
Column_2653,1
Column_2654,0
Column_2655,0
Column_2656,0
Column_2657,0
Column_2658,4
Column_2659,2
Column_2660,0
Column_2661,0
Column_2662,0
Column_2663,1
Column_2664,1
Column_2665,0
Column_2666,1
Column_2667,0
Column_2668,2
Column_2669,1
Column_2670,1
Column_2671,4
Column_2672,2
Column_2673,0
Column_2674,1
Column_2675,1
Column_2676,0
Column_2677,3
Column_2678,0
Column_2679,2
Column_2680,1
Column_2681,1
Column_2682,3
Column_2683,2
Column_2684,1
Column_2685,0
Column_2686,1
Column_2687,1
Column_2688,0
Column_2689,1
Column_2690,1
Column_2691,2
Column_2692,2
Column_2693,3
Column_2694,2
Column_2695,2
Column_2696,10
Column_2697,3
Column_2698,2
Column_2699,9
Column_2700,2
Column_2701,0
Column_2702,0
Column_2703,0
Column_2704,0
Column_2705,2
Column_2706,2
Column_2707,2
Column_2708,0
Column_2709,0
Column_2710,0
Column_2711,0
Column_2712,2
Column_2713,4
Column_2714,1
Column_2715,0
Column_2716,2
Column_2717,2
Column_2718,1
Column_2719,2
Column_2720,1
Column_2721,1
Column_2722,2
Column_2723,0
Column_2724,3
Column_2725,2
Column_2726,0
Column_2727,1
Column_2728,2
Column_2729,0
Column_2730,0
Column_2731,0
Column_2732,2
Column_2733,1
Column_2734,1
Column_2735,0
Column_2736,0
Column_2737,0
Column_2738,0
Column_2739,1
Column_2740,1
Column_2741,1
Column_2742,0
Column_2743,5
Column_2744,0
Column_2745,3
Column_2746,3
Column_2747,2
Column_2748,0
Column_2749,4
Column_2750,2
Column_2751,2
Column_2752,0
Column_2753,0
Column_2754,1
Column_2755,0
Column_2756,0
Column_2757,3
Column_2758,2
Column_2759,2
Column_2760,3
Column_2761,0
Column_2762,0
Column_2763,0
Column_2764,0
Column_2765,1
Column_2766,4
Column_2767,0
Column_2768,0
Column_2769,2
Column_2770,1
Column_2771,4
Column_2772,1
Column_2773,2
Column_2774,0
Column_2775,2
Column_2776,2
Column_2777,0
Column_2778,1
Column_2779,2
Column_2780,2
Column_2781,2
Column_2782,2
Column_2783,1
Column_2784,0
Column_2785,1
Column_2786,1
Column_2787,0
Column_2788,1
Column_2789,1
Column_2790,0
Column_2791,0
Column_2792,0
Column_2793,0
Column_2794,1
Column_2795,1
Column_2796,1
Column_2797,4
Column_2798,2
Column_2799,0
Column_2800,1
Column_2801,0
Column_2802,0
Column_2803,0
Column_2804,1
Column_2805,1
Column_2806,2
Column_2807,0
Column_2808,1
Column_2809,1
Column_2810,0
Column_2811,0
Column_2812,0
Column_2813,0
Column_2814,0
Column_2815,1
Column_2816,0
Column_2817,0
Column_2818,2
Column_2819,1
Column_2820,1
Column_2821,0
Column_2822,3
Column_2823,3
Column_2824,0
Column_2825,2
Column_2826,2
Column_2827,3
Column_2828,3
Column_2829,0
Column_2830,1
Column_2831,3
Column_2832,0
Column_2833,3
Column_2834,1
Column_2835,1
Column_2836,0
Column_2837,0
Column_2838,1
Column_2839,1
Column_2840,0
Column_2841,3
Column_2842,1
Column_2843,2
Column_2844,0
Column_2845,0
Column_2846,0
Column_2847,1
Column_2848,2
Column_2849,2
Column_2850,5
Column_2851,1
Column_2852,2
Column_2853,4
Column_2854,1
Column_2855,0
Column_2856,0
Column_2857,1
Column_2858,3
Column_2859,1
Column_2860,2
Column_2861,1
Column_2862,0
Column_2863,1
Column_2864,0
Column_2865,0
Column_2866,3
Column_2867,0
Column_2868,1
Column_2869,1
Column_2870,0
Column_2871,3
Column_2872,2
Column_2873,2
Column_2874,2
Column_2875,1
Column_2876,2
Column_2877,0
Column_2878,1
Column_2879,5
Column_2880,0
Column_2881,1
Column_2882,2
Column_2883,0
Column_2884,0
Column_2885,0
Column_2886,0
Column_2887,4
Column_2888,1
Column_2889,3
Column_2890,0
Column_2891,1
Column_2892,0
Column_2893,0
Column_2894,4
Column_2895,1
Column_2896,0
Column_2897,1
Column_2898,0
Column_2899,5
Column_2900,0
Column_2901,3
Column_2902,0
Column_2903,2
Column_2904,3
Column_2905,3
Column_2906,0
Column_2907,0
Column_2908,0
Column_2909,0
Column_2910,0
Column_2911,3
Column_2912,4
Column_2913,4
Column_2914,1
Column_2915,0
Column_2916,0
Column_2917,0
Column_2918,0
Column_2919,0
Column_2920,5
Column_2921,1
Column_2922,0
Column_2923,5
Column_2924,0
Column_2925,2
Column_2926,1
Column_2927,5
Column_2928,0
Column_2929,3
Column_2930,1
Column_2931,0
Column_2932,2
Column_2933,1
Column_2934,0
Column_2935,1
Column_2936,0
Column_2937,5
Column_2938,0
Column_2939,1
Column_2940,2
Column_2941,1
Column_2942,0
Column_2943,0
Column_2944,0
Column_2945,0
Column_2946,0
Column_2947,0
Column_2948,1
Column_2949,0
Column_2950,2
Column_2951,7
Column_2952,0
Column_2953,1
Column_2954,2
Column_2955,0
Column_2956,0
Column_2957,0
Column_2958,5
Column_2959,1
Column_2960,5
Column_2961,2
Column_2962,1
Column_2963,0
Column_2964,2
Column_2965,1
Column_2966,1
Column_2967,1
Column_2968,2
Column_2969,1
Column_2970,0
Column_2971,1
Column_2972,4
Column_2973,2
Column_2974,2
Column_2975,0
Column_2976,3
Column_2977,3
Column_2978,3
Column_2979,1
Column_2980,1
Column_2981,1
Column_2982,2
Column_2983,0
Column_2984,0
Column_2985,1
Column_2986,0
Column_2987,1
Column_2988,4
Column_2989,3
Column_2990,1
Column_2991,0
Column_2992,1
Column_2993,1
Column_2994,0
Column_2995,3
Column_2996,0
Column_2997,1
Column_2998,0
Column_2999,2
Column_3000,0
Column_3001,2
Column_3002,2
Column_3003,5
Column_3004,2
Column_3005,1
Column_3006,2
Column_3007,5
Column_3008,1
Column_3009,0
Column_3010,0
Column_3011,0
Column_3012,3
Column_3013,1
Column_3014,3
Column_3015,1
Column_3016,0
Column_3017,0
Column_3018,0
Column_3019,0
Column_3020,2
Column_3021,5
Column_3022,0
Column_3023,0
Column_3024,2
Column_3025,7
Column_3026,1
Column_3027,2
Column_3028,2
Column_3029,1
Column_3030,0
Column_3031,1
Column_3032,2
Column_3033,1
Column_3034,1
Column_3035,0
Column_3036,3
Column_3037,0
Column_3038,1
Column_3039,0
Column_3040,0
Column_3041,4
Column_3042,4
Column_3043,0
Column_3044,0
Column_3045,1
Column_3046,0
Column_3047,1
Column_3048,3
Column_3049,2
Column_3050,1
Column_3051,0
Column_3052,0
Column_3053,7
Column_3054,1
Column_3055,1
Column_3056,0
Column_3057,4
Column_3058,3
Column_3059,2
Column_3060,0
Column_3061,0
Column_3062,0
Column_3063,0
Column_3064,0
Column_3065,12
Column_3066,0
Column_3067,3
Column_3068,2
Column_3069,1
Column_3070,0
Column_3071,0
Column_3072,0
Column_3073,4
Column_3074,2
Column_3075,3
Column_3076,0
Column_3077,7
Column_3078,1
Column_3079,3
Column_3080,108
Column_3081,17
Column_3082,7
Column_3083,5
Column_3084,8
Column_3085,20
Column_3086,17
Column_3087,6
Column_3088,39
Column_3089,16
