feature_name,importance,%/Sum(importance)
niq_qoq,1650,0.301%
niq_revtq_lag03,1622,0.296%
niq_revtq_lag02,1587,0.289%
return,1563,0.285%
niq_revtq,1543,0.281%
niq_revtq_lag01,1448,0.264%
niq_yoy,1313,0.239%
oibdpq_yoy,1169,0.213%
niq_yoy_lag01,1140,0.208%
niq_qoq_lag01,1134,0.207%
revtq_yoy,1122,0.205%
S&P_yoy,1099,0.200%
niq_qoq_lag02,1098,0.200%
niq_yoy_lag02,1072,0.195%
xoprq_revtq,998,0.182%
niq_yoy_lag03,979,0.179%
niq_qoq_lag03,936,0.171%
lcoq_yoy,895,0.163%
Short Term Market Rate,893,0.163%
S&P_qoq,862,0.157%
revtq_qoq,859,0.157%
oibdpq_qoq,837,0.153%
seqq_qoq,775,0.141%
dpq_revtq,770,0.140%
txtq_yoy,760,0.139%
GDP_yoy,750,0.137%
dpq_yoy,734,0.134%
seqq_yoy,687,0.125%
lcoq_qoq,674,0.123%
revtq_qoq_lag01,651,0.119%
oancfy_q_yoy,646,0.118%
loq_yoy,629,0.115%
oancfy_q_revtq,629,0.115%
PCE_yoy,620,0.113%
cheq_qoq_lag06,609,0.111%
oancfy_q_yoy_lag01,606,0.111%
revtq_yoy_lag01,606,0.111%
GDP_qoq,586,0.107%
oibdpq_yoy_lag01,585,0.107%
cheq_yoy_lag03,577,0.105%
rectq_yoy,569,0.104%
ppentq_yoy,566,0.103%
cheq_qoq,558,0.102%
oibdpq_qoq_lag01,556,0.101%
cheq_yoy_lag19,548,0.100%
cheq_yoy_lag12,546,0.100%
aoq_yoy_lag04,543,0.099%
cheq_yoy_lag08,542,0.099%
aoq_yoy_lag07,532,0.097%
apq_yoy_lag14,530,0.097%
oancfy_q_revtq_lag01,525,0.096%
rectq_qoq,520,0.095%
seqq_qoq_lag03,519,0.095%
Central Bank Target Rate,519,0.095%
apq_qoq,516,0.094%
cheq_qoq_lag17,516,0.094%
cheq_yoy_lag05,513,0.094%
aoq_yoy,512,0.093%
cheq_qoq_lag01,512,0.093%
ltq_yoy,507,0.092%
cheq_yoy_lag06,506,0.092%
cheq_yoy_lag10,506,0.092%
cheq_yoy_lag02,504,0.092%
apq_yoy,502,0.092%
cheq_qoq_lag05,502,0.092%
cheq_yoy_lag07,502,0.092%
lctq_qoq_lag06,497,0.091%
PCE_qoq,497,0.091%
revtq_qoq_lag04,495,0.090%
Long Term Rate,493,0.090%
aoq_yoy_lag05,492,0.090%
lctq_atq,487,0.089%
cheq_yoy_lag13,487,0.089%
acoq_atq,485,0.088%
cheq_qoq_lag14,485,0.088%
seqq_qoq_lag02,484,0.088%
apq_yoy_lag02,481,0.088%
niq_yoy_lag17,481,0.088%
xoprq_qoq,480,0.088%
cheq_yoy,480,0.088%
seqq_yoy_lag11,480,0.088%
rectq_yoy_lag03,476,0.087%
cheq_yoy_lag11,476,0.087%
txtq_yoy_lag01,474,0.086%
lctq_yoy,473,0.086%
rectq_yoy_lag01,468,0.085%
revtq_yoy_lag07,468,0.085%
txtq_qoq,467,0.085%
xsgaq_yoy,467,0.085%
dpq_qoq_lag11,467,0.085%
aoq_yoy_lag01,465,0.085%
rectq_yoy_lag05,465,0.085%
txtq_revtq,464,0.085%
cheq_yoy_lag17,463,0.084%
seqq_qoq_lag15,462,0.084%
lcoq_yoy_lag11,460,0.084%
lcoq_yoy_lag18,460,0.084%
cheq_yoy_lag04,459,0.084%
dpq_qoq_lag13,459,0.084%
cheq_qoq_lag15,455,0.083%
seqq_qoq_lag01,454,0.083%
dpq_qoq_lag01,453,0.083%
oibdpq_yoy_lag02,453,0.083%
cheq_qoq_lag11,453,0.083%
acoq_yoy_lag16,453,0.083%
apq_yoy_lag03,451,0.082%
xoprq_qoq_lag06,451,0.082%
cheq_qoq_lag10,451,0.082%
aoq_yoy_lag19,450,0.082%
revtq_yoy_lag02,449,0.082%
apq_qoq_lag12,448,0.082%
seqq_qoq_lag12,446,0.081%
xsgaq_qoq_lag17,446,0.081%
rectq_qoq_lag01,445,0.081%
lcoq_qoq_lag09,445,0.081%
dpq_yoy_lag19,444,0.081%
dvy_q_qoq,442,0.081%
xoprq_yoy_lag19,441,0.080%
revtq_qoq_lag08,440,0.080%
seqq_yoy_lag12,440,0.080%
apq_qoq_lag13,440,0.080%
lcoq_yoy_lag16,440,0.080%
apq_yoy_lag11,438,0.080%
oancfy_q_revtq_lag02,435,0.079%
aoq_yoy_lag06,435,0.079%
capxy_q_yoy_lag01,433,0.079%
cogsq_yoy_lag19,433,0.079%
cheq_yoy_lag01,431,0.079%
wcapq_yoy_lag12,431,0.079%
dlcq_yoy,430,0.078%
oancfy_q_yoy_lag02,429,0.078%
xintq_qoq,428,0.078%
xoprq_yoy_lag02,428,0.078%
dpq_yoy_lag10,428,0.078%
rectq_qoq_lag15,427,0.078%
aoq_yoy_lag17,426,0.078%
niq_yoy_lag05,425,0.077%
acoq_yoy,424,0.077%
lcoq_yoy_lag06,424,0.077%
cheq_qoq_lag09,424,0.077%
xintq_qoq_lag16,424,0.077%
cheq_qoq_lag02,423,0.077%
lctq_yoy_lag05,421,0.077%
capxy_q_qoq_lag09,421,0.077%
lctq_yoy_lag02,419,0.076%
acoq_qoq_lag06,419,0.076%
rectq_qoq_lag10,419,0.076%
lcoq_yoy_lag17,419,0.076%
capxy_q_yoy_lag07,418,0.076%
cheq_qoq_lag16,418,0.076%
rectq_yoy_lag19,418,0.076%
revtq_yoy_lag19,418,0.076%
xintq_qoq_lag01,417,0.076%
xoprq_yoy_lag03,417,0.076%
apq_yoy_lag06,417,0.076%
lcoq_qoq_lag01,416,0.076%
cheq_qoq_lag13,416,0.076%
revtq_qoq_lag16,416,0.076%
ancq_yoy,415,0.076%
invtq_yoy,414,0.075%
req_yoy,414,0.075%
oibdpq_yoy_lag03,414,0.075%
lcoq_yoy_lag09,414,0.075%
oibdpq_yoy_lag09,412,0.075%
revtq_qoq_lag13,412,0.075%
xoprq_yoy,411,0.075%
lcoq_yoy_lag04,411,0.075%
oibdpq_yoy_lag04,411,0.075%
ltq_qoq,410,0.075%
aoq_yoy_lag14,410,0.075%
apq_yoy_lag08,409,0.075%
revtq_yoy_lag10,409,0.075%
apq_qoq_lag07,408,0.074%
apq_yoy_lag10,408,0.074%
nopiq_yoy,407,0.074%
lctq_qoq_lag03,407,0.074%
xoprq_qoq_lag13,407,0.074%
cheq_qoq_lag03,406,0.074%
ltq_qoq_lag03,406,0.074%
ltq_yoy_lag10,406,0.074%
revtq_qoq_lag19,406,0.074%
dpq_qoq,404,0.074%
capxy_q_yoy_lag17,404,0.074%
capxy_q_revtq,403,0.073%
acoq_qoq_lag11,403,0.073%
oibdpq_yoy_lag11,403,0.073%
rectq_qoq_lag02,402,0.073%
lcoq_qoq_lag19,402,0.073%
xsgaq_yoy_lag04,401,0.073%
lltq_yoy_lag12,401,0.073%
lcoq_qoq_lag17,401,0.073%
apq_qoq_lag14,400,0.073%
dpactq_yoy_lag19,400,0.073%
lcoq_qoq_lag02,399,0.073%
txtq_yoy_lag08,399,0.073%
niq_yoy_lag04,398,0.073%
capxy_q_yoy_lag11,397,0.072%
aoq_yoy_lag12,397,0.072%
oibdpq_yoy_lag13,397,0.072%
rectq_qoq_lag04,396,0.072%
xoprq_yoy_lag05,396,0.072%
lcoq_yoy_lag19,396,0.072%
acoq_yoy_lag04,395,0.072%
oibdpq_yoy_lag05,395,0.072%
apq_qoq_lag03,394,0.072%
aoq_yoy_lag13,394,0.072%
lctq_qoq,393,0.072%
xsgaq_yoy_lag05,393,0.072%
niq_yoy_lag09,393,0.072%
revtq_yoy_lag03,391,0.071%
apq_yoy_lag05,391,0.071%
apq_qoq_lag06,391,0.071%
acoq_yoy_lag08,391,0.071%
xintq_yoy_lag08,390,0.071%
revtq_qoq_lag15,390,0.071%
cheq_atq_lag19,390,0.071%
nopiq_revtq,389,0.071%
cogsq_yoy_lag04,389,0.071%
seqq_yoy_lag06,389,0.071%
cheq_yoy_lag18,389,0.071%
xintq_yoy,388,0.071%
rectq_qoq_lag07,388,0.071%
cheq_qoq_lag18,388,0.071%
seqq_yoy_lag01,387,0.071%
dpq_revtq_lag01,387,0.071%
rectq_qoq_lag06,387,0.071%
dlcq_yoy_lag07,387,0.071%
aoq_yoy_lag16,387,0.071%
lctq_yoy_lag19,387,0.071%
lltq_yoy,386,0.070%
loq_yoy_lag01,386,0.070%
aoq_yoy_lag03,386,0.070%
rectq_yoy_lag06,386,0.070%
ltq_yoy_lag11,386,0.070%
dpactq_yoy_lag18,386,0.070%
ltq_qoq_lag05,384,0.070%
cheq_qoq_lag08,384,0.070%
apq_qoq_lag17,384,0.070%
niq_yoy_lag18,384,0.070%
nopiq_revtq_lag18,384,0.070%
acoq_qoq_lag01,383,0.070%
xoprq_revtq_lag01,383,0.070%
acoq_qoq_lag02,383,0.070%
ltq_qoq_lag11,383,0.070%
acoq_yoy_lag01,382,0.070%
revtq_yoy_lag06,382,0.070%
xsgaq_yoy_lag18,382,0.070%
lcoq_yoy_lag03,381,0.069%
apq_yoy_lag04,381,0.069%
xsgaq_qoq_lag05,381,0.069%
apq_qoq_lag19,381,0.069%
atq_qoq,380,0.069%
dlttq_yoy,380,0.069%
xsgaq_qoq_lag02,380,0.069%
cogsq_yoy_lag07,380,0.069%
ppentq_yoy_lag11,380,0.069%
oibdpq_yoy_lag17,380,0.069%
oibdpq_yoy_lag06,379,0.069%
cheq_yoy_lag14,379,0.069%
ltq_yoy_lag19,378,0.069%
revtq_qoq_lag06,377,0.069%
dpq_qoq_lag12,377,0.069%
capxy_q_yoy_lag13,376,0.069%
rectq_yoy_lag14,376,0.069%
apq_qoq_lag02,375,0.068%
cheq_yoy_lag09,375,0.068%
xsgaq_qoq_lag01,374,0.068%
apq_yoy_lag07,374,0.068%
loq_yoy_lag16,374,0.068%
xsgaq_yoy_lag17,374,0.068%
rectq_qoq_lag19,374,0.068%
dlcq_atq_lag07,373,0.068%
ltq_qoq_lag09,373,0.068%
dpq_qoq_lag15,373,0.068%
apq_yoy_lag15,373,0.068%
loq_yoy_lag19,373,0.068%
ltq_qoq_lag10,372,0.068%
xsgaq_qoq_lag16,372,0.068%
wcapq_yoy_lag18,372,0.068%
lctq_qoq_lag01,371,0.068%
atq_yoy_lag19,371,0.068%
loq_yoy_lag03,370,0.067%
dpq_qoq_lag17,369,0.067%
aoq_yoy_lag02,368,0.067%
xsgaq_yoy_lag03,368,0.067%
revtq_yoy_lag04,368,0.067%
acoq_qoq_lag08,368,0.067%
dpactq_yoy_lag11,368,0.067%
revtq_qoq_lag12,368,0.067%
xsgaq_yoy_lag13,368,0.067%
capxy_q_qoq_lag03,367,0.067%
xsgaq_qoq_lag04,367,0.067%
aoq_yoy_lag09,367,0.067%
ltq_qoq_lag12,367,0.067%
apq_yoy_lag16,367,0.067%
niq_yoy_lag16,367,0.067%
wcapq_qoq,366,0.067%
xsgaq_yoy_lag09,366,0.067%
revtq_yoy_lag11,366,0.067%
oancfy_q_qoq_lag01,365,0.067%
lcoq_yoy_lag02,365,0.067%
loq_yoy_lag08,365,0.067%
lcoq_qoq_lag18,365,0.067%
apq_yoy_lag01,364,0.066%
niq_yoy_lag06,364,0.066%
nopiq_qoq,363,0.066%
apq_yoy_lag13,363,0.066%
txtq_yoy_lag19,363,0.066%
revtq_qoq_lag03,362,0.066%
dlcq_yoy_lag04,362,0.066%
cogsq_qoq_lag16,362,0.066%
rectq_qoq_lag11,361,0.066%
niq_qoq_lag14,361,0.066%
wcapq_yoy_lag15,361,0.066%
cogsq_qoq_lag19,361,0.066%
loq_yoy_lag02,360,0.066%
oancfy_q_yoy_lag07,360,0.066%
seqq_yoy_lag16,360,0.066%
dpq_qoq_lag04,359,0.065%
seqq_qoq_lag14,359,0.065%
xintq_yoy_lag17,359,0.065%
wcapq_yoy_lag19,358,0.065%
lcoq_yoy_lag01,357,0.065%
ltq_yoy_lag04,357,0.065%
lcoq_qoq_lag07,357,0.065%
revtq_qoq_lag07,357,0.065%
acoq_yoy_lag19,357,0.065%
cogsq_qoq_lag06,356,0.065%
lctq_yoy_lag07,356,0.065%
seqq_yoy_lag10,356,0.065%
cogsq_yoy,355,0.065%
seqq_qoq_lag08,354,0.065%
lctq_qoq_lag11,354,0.065%
ltq_yoy_lag03,353,0.064%
xsgaq_qoq_lag18,353,0.064%
aoq_yoy_lag18,353,0.064%
ltq_qoq_lag13,352,0.064%
capxy_q_yoy,351,0.064%
atq_qoq_lag04,351,0.064%
seqq_qoq_lag04,351,0.064%
atq_qoq_lag06,351,0.064%
oibdpq_qoq_lag02,350,0.064%
acoq_yoy_lag06,350,0.064%
dlcq_yoy_lag08,350,0.064%
apq_qoq_lag09,350,0.064%
ltq_qoq_lag19,350,0.064%
rectq_yoy_lag11,349,0.064%
acoq_qoq_lag04,348,0.063%
niq_yoy_lag07,348,0.063%
actq_qoq_lag08,348,0.063%
dlcq_atq,347,0.063%
acoq_qoq_lag03,347,0.063%
actq_qoq_lag04,347,0.063%
oibdpq_qoq_lag04,347,0.063%
capxy_q_yoy_lag06,347,0.063%
seqq_yoy_lag17,347,0.063%
lltq_yoy_lag01,346,0.063%
nopiq_yoy_lag03,346,0.063%
revtq_qoq_lag14,346,0.063%
dpq_qoq_lag16,346,0.063%
ltq_qoq_lag16,346,0.063%
atq_yoy_lag01,345,0.063%
xsgaq_yoy_lag02,345,0.063%
wcapq_qoq_lag06,345,0.063%
niq_yoy_lag12,345,0.063%
dpq_yoy_lag13,345,0.063%
txtq_revtq_lag01,344,0.063%
rectq_qoq_lag14,344,0.063%
xsgaq_yoy_lag16,344,0.063%
lctq_yoy_lag01,343,0.063%
xintq_yoy_lag07,343,0.063%
lctq_qoq_lag10,343,0.063%
dlcq_yoy_lag12,343,0.063%
nopiq_yoy_lag17,343,0.063%
capxy_q_yoy_lag19,343,0.063%
xsgaq_yoy_lag19,343,0.063%
xoprq_yoy_lag01,342,0.062%
lltq_yoy_lag09,342,0.062%
xsgaq_qoq_lag13,342,0.062%
acoq_atq_lag14,342,0.062%
rectq_yoy_lag18,342,0.062%
dlcq_yoy_lag02,341,0.062%
rectq_yoy_lag04,341,0.062%
revtq_qoq_lag09,341,0.062%
xoprq_qoq_lag16,341,0.062%
oancfy_q_yoy_lag17,341,0.062%
dpq_qoq_lag02,340,0.062%
ltq_qoq_lag02,340,0.062%
xoprq_qoq_lag12,340,0.062%
atq_qoq_lag14,340,0.062%
oibdpq_yoy_lag16,340,0.062%
capxy_q_revtq_lag18,340,0.062%
nopiq_revtq_lag19,340,0.062%
dpactq_yoy,339,0.062%
apq_qoq_lag01,339,0.062%
revtq_qoq_lag02,339,0.062%
oibdpq_qoq_lag06,339,0.062%
aoq_yoy_lag08,339,0.062%
dpactq_yoy_lag12,339,0.062%
cheq_yoy_lag16,339,0.062%
txtq_yoy_lag04,338,0.062%
xsgaq_qoq_lag07,338,0.062%
ltq_qoq_lag17,338,0.062%
revtq_qoq_lag18,338,0.062%
rectq_yoy_lag02,337,0.061%
ppentq_yoy_lag04,337,0.061%
lctq_yoy_lag08,337,0.061%
acoq_yoy_lag10,337,0.061%
lctq_qoq_lag18,337,0.061%
dpactq_revtq_lag19,337,0.061%
apq_qoq_lag11,336,0.061%
niq_yoy_lag15,336,0.061%
oancfy_q_revtq_lag03,335,0.061%
apq_yoy_lag09,335,0.061%
wcapq_yoy_lag09,335,0.061%
atq_qoq_lag11,335,0.061%
txtq_qoq_lag12,335,0.061%
ltq_yoy_lag13,335,0.061%
cogsq_qoq_lag14,335,0.061%
cheq_yoy_lag15,335,0.061%
ltq_yoy_lag16,335,0.061%
revtq_yoy_lag18,335,0.061%
ltq_qoq_lag01,334,0.061%
txtq_qoq_lag02,334,0.061%
oancfy_q_yoy_lag12,334,0.061%
lctq_yoy_lag15,334,0.061%
dlcq_atq_lag18,334,0.061%
lltq_yoy_lag07,333,0.061%
nopiq_revtq_lag08,333,0.061%
lcoq_yoy_lag10,333,0.061%
lltq_yoy_lag19,333,0.061%
cheq_atq,332,0.061%
spiq_revtq,332,0.061%
txtq_yoy_lag10,332,0.061%
atq_qoq_lag05,331,0.060%
xsgaq_qoq_lag12,331,0.060%
nopiq_revtq_lag13,331,0.060%
capxy_q_yoy_lag14,331,0.060%
seqq_yoy_lag18,331,0.060%
dpq_yoy_lag03,330,0.060%
lctq_qoq_lag07,330,0.060%
wcapq_qoq_lag11,330,0.060%
atq_yoy,329,0.060%
cogsq_revtq,329,0.060%
oibdpq_yoy_lag08,329,0.060%
ltq_qoq_lag15,329,0.060%
xsgaq_qoq_lag03,328,0.060%
ltq_qoq_lag04,328,0.060%
txtq_yoy_lag02,327,0.060%
nopiq_revtq_lag04,327,0.060%
rectq_qoq_lag12,327,0.060%
rectq_qoq_lag16,327,0.060%
rectq_qoq_lag18,327,0.060%
wcapq_yoy_lag01,326,0.059%
revtq_yoy_lag05,326,0.059%
xoprq_yoy_lag07,326,0.059%
wcapq_qoq_lag12,326,0.059%
cogsq_qoq_lag13,326,0.059%
seqq_qoq_lag13,326,0.059%
apq_yoy_lag18,326,0.059%
aoq_atq_lag18,326,0.059%
acoq_qoq_lag19,326,0.059%
lctq_qoq_lag19,326,0.059%
apq_qoq_lag15,325,0.059%
acoq_qoq_lag16,325,0.059%
xoprq_qoq_lag19,325,0.059%
seqq_yoy_lag19,325,0.059%
apq_qoq_lag05,324,0.059%
cogsq_yoy_lag05,324,0.059%
loq_yoy_lag06,324,0.059%
nopiq_qoq_lag07,324,0.059%
lcoq_yoy_lag13,324,0.059%
nopiq_yoy_lag01,323,0.059%
atq_qoq_lag03,323,0.059%
seqq_qoq_lag05,323,0.059%
acoq_qoq_lag14,323,0.059%
xsgaq_qoq,322,0.059%
lcoq_yoy_lag07,322,0.059%
dpq_qoq_lag08,322,0.059%
aoq_yoy_lag10,322,0.059%
acoq_qoq_lag13,322,0.059%
actq_qoq_lag03,321,0.059%
xoprq_qoq_lag05,321,0.059%
lcoq_yoy_lag12,321,0.059%
acoq_yoy_lag17,321,0.059%
dpq_yoy_lag01,320,0.058%
xintq_qoq_lag06,320,0.058%
capxy_q_yoy_lag08,320,0.058%
actq_yoy_lag10,320,0.058%
lctq_qoq_lag15,320,0.058%
req_yoy_lag01,319,0.058%
apq_qoq_lag10,319,0.058%
seqq_qoq_lag10,319,0.058%
cheq_qoq_lag12,319,0.058%
apq_yoy_lag12,319,0.058%
ltq_yoy_lag18,319,0.058%
actq_qoq,318,0.058%
oibdpq_revtq,318,0.058%
lcoq_yoy_lag15,318,0.058%
xintq_revtq,317,0.058%
dpq_yoy_lag02,317,0.058%
acoq_qoq_lag12,317,0.058%
lctq_qoq_lag13,317,0.058%
dpq_qoq_lag05,316,0.058%
rectq_yoy_lag07,316,0.058%
seqq_yoy_lag08,316,0.058%
revtq_qoq_lag11,316,0.058%
cheq_atq_lag01,315,0.057%
oancfy_q_yoy_lag04,315,0.057%
oibdpq_qoq_lag07,315,0.057%
capxy_q_revtq_lag19,315,0.057%
ancq_yoy_lag02,314,0.057%
capxy_q_yoy_lag05,314,0.057%
atq_qoq_lag08,314,0.057%
revtq_yoy_lag09,314,0.057%
capxy_q_yoy_lag12,314,0.057%
wcapq_qoq_lag14,314,0.057%
seqq_qoq_lag16,314,0.057%
apq_yoy_lag17,314,0.057%
xintq_yoy_lag01,313,0.057%
cogsq_yoy_lag06,313,0.057%
wcapq_yoy_lag06,313,0.057%
cogsq_yoy_lag08,313,0.057%
actq_yoy_lag09,313,0.057%
txtq_qoq_lag10,313,0.057%
atq_yoy_lag13,313,0.057%
ltq_yoy_lag14,313,0.057%
dpactq_qoq_lag15,313,0.057%
loq_yoy_lag15,313,0.057%
seqq_qoq_lag17,313,0.057%
dpactq_yoy_lag06,312,0.057%
loq_yoy_lag09,312,0.057%
loq_yoy_lag12,312,0.057%
apq_yoy_lag19,312,0.057%
nopiq_yoy_lag19,312,0.057%
ppentq_yoy_lag19,312,0.057%
rectq_yoy_lag13,311,0.057%
xsgaq_qoq_lag14,311,0.057%
niq_yoy_lag14,311,0.057%
dlcq_yoy_lag03,310,0.057%
capxy_q_revtq_lag07,310,0.057%
oibdpq_qoq_lag08,310,0.057%
nopiq_yoy_lag09,310,0.057%
lcoq_qoq_lag13,310,0.057%
lcoq_qoq_lag14,310,0.057%
invtq_yoy_lag01,309,0.056%
xoprq_qoq_lag04,309,0.056%
lctq_atq_lag05,309,0.056%
dpactq_yoy_lag09,309,0.056%
lcoq_yoy_lag14,309,0.056%
invtq_qoq,308,0.056%
rectq_qoq_lag03,308,0.056%
oancfy_q_yoy_lag03,308,0.056%
cogsq_qoq_lag04,308,0.056%
lctq_yoy_lag16,308,0.056%
capxy_q_yoy_lag18,308,0.056%
atq_qoq_lag01,307,0.056%
xoprq_revtq_lag02,307,0.056%
ancq_yoy_lag08,307,0.056%
cogsq_qoq_lag11,307,0.056%
cogsq_qoq_lag12,307,0.056%
nopiq_qoq_lag16,307,0.056%
revtq_yoy_lag16,307,0.056%
dpq_qoq_lag18,307,0.056%
rectq_atq,306,0.056%
seqq_yoy_lag04,306,0.056%
acoq_qoq_lag07,306,0.056%
txtq_yoy_lag07,306,0.056%
capxy_q_yoy_lag09,306,0.056%
capxy_q_qoq_lag12,306,0.056%
capxy_q_qoq_lag17,306,0.056%
revtq_yoy_lag17,306,0.056%
dlcq_atq_lag19,306,0.056%
lctq_yoy_lag03,305,0.056%
lctq_yoy_lag04,305,0.056%
seqq_qoq_lag07,305,0.056%
atq_qoq_lag10,305,0.056%
aoq_yoy_lag11,305,0.056%
capxy_q_yoy_lag15,305,0.056%
capxy_q_qoq_lag16,305,0.056%
apq_qoq_lag08,304,0.055%
dpq_yoy_lag16,304,0.055%
capxy_q_qoq_lag19,304,0.055%
req_yoy_lag19,304,0.055%
lctq_qoq_lag09,303,0.055%
dlttq_atq,302,0.055%
atq_qoq_lag02,302,0.055%
cogsq_yoy_lag03,302,0.055%
dpactq_yoy_lag05,302,0.055%
xintq_qoq_lag09,302,0.055%
capxy_q_qoq_lag15,302,0.055%
lcoq_qoq_lag16,302,0.055%
rectq_qoq_lag17,302,0.055%
nopiq_yoy_lag18,302,0.055%
xintq_qoq_lag02,301,0.055%
acoq_yoy_lag02,301,0.055%
dpq_yoy_lag11,301,0.055%
acoq_atq_lag13,301,0.055%
capxy_q_revtq_lag02,300,0.055%
rectq_qoq_lag05,300,0.055%
revtq_qoq_lag05,300,0.055%
dlcq_atq_lag08,300,0.055%
lctq_qoq_lag12,300,0.055%
ppentq_yoy_lag16,300,0.055%
oibdpq_qoq_lag18,300,0.055%
acoq_atq_lag19,300,0.055%
chechy_q_revtq,299,0.055%
seqq_yoy_lag05,299,0.055%
actq_yoy_lag13,299,0.055%
dlcq_atq_lag13,299,0.055%
txtq_qoq_lag19,299,0.055%
niq_yoy_lag19,299,0.055%
capxy_q_qoq_lag01,298,0.054%
ltq_yoy_lag01,298,0.054%
xintq_yoy_lag04,298,0.054%
niq_yoy_lag08,298,0.054%
actq_qoq_lag12,298,0.054%
cogsq_qoq_lag18,298,0.054%
lcoq_qoq_lag04,297,0.054%
loq_yoy_lag04,297,0.054%
acoq_yoy_lag12,297,0.054%
seqq_yoy_lag14,297,0.054%
niq_qoq_lag15,297,0.054%
dpactq_qoq_lag17,297,0.054%
niq_qoq_lag18,297,0.054%
wcapq_qoq_lag18,297,0.054%
wcapq_yoy_lag02,296,0.054%
xintq_qoq_lag07,296,0.054%
rectq_yoy_lag10,296,0.054%
loq_yoy_lag11,296,0.054%
wcapq_yoy_lag11,296,0.054%
cogsq_yoy_lag13,296,0.054%
xintq_qoq_lag14,296,0.054%
cheq_atq_lag14,296,0.054%
ancq_yoy_lag01,295,0.054%
seqq_yoy_lag02,295,0.054%
acoq_qoq_lag05,295,0.054%
niq_qoq_lag08,295,0.054%
seqq_yoy_lag03,294,0.054%
wcapq_yoy_lag07,294,0.054%
lctq_qoq_lag04,293,0.053%
loq_yoy_lag07,293,0.053%
dpq_qoq_lag09,293,0.053%
rectq_qoq_lag09,293,0.053%
cheq_atq_lag17,293,0.053%
seqq_qoq_lag19,293,0.053%
capxy_q_qoq,292,0.053%
lltq_yoy_lag02,292,0.053%
acoq_atq_lag06,292,0.053%
capxy_q_yoy_lag10,292,0.053%
rectq_qoq_lag13,292,0.053%
cogsq_qoq_lag17,292,0.053%
dlcq_yoy_lag19,292,0.053%
invtq_yoy_lag02,291,0.053%
dpq_yoy_lag04,291,0.053%
oancfy_q_yoy_lag06,291,0.053%
dpq_qoq_lag07,291,0.053%
seqq_qoq_lag09,291,0.053%
xoprq_qoq_lag11,291,0.053%
xsgaq_qoq_lag11,291,0.053%
ltq_yoy_lag12,291,0.053%
xoprq_yoy_lag12,291,0.053%
xoprq_yoy_lag13,291,0.053%
nopiq_yoy_lag05,290,0.053%
xoprq_qoq_lag18,290,0.053%
lltq_yoy_lag03,289,0.053%
revtq_qoq_lag10,289,0.053%
dlcq_yoy_lag17,289,0.053%
lctq_yoy_lag17,289,0.053%
ltq_yoy_lag17,289,0.053%
acoq_qoq_lag18,289,0.053%
apq_qoq_lag18,289,0.053%
dpactq_qoq_lag18,289,0.053%
oibdpq_yoy_lag19,289,0.053%
lctq_atq_lag19,289,0.053%
oibdpq_qoq_lag09,288,0.053%
oibdpq_yoy_lag12,288,0.053%
wcapq_qoq_lag01,287,0.052%
ltq_atq_lag01,287,0.052%
niq_revtq_lag04,287,0.052%
txtq_yoy_lag06,287,0.052%
xsgaq_qoq_lag08,287,0.052%
dpq_qoq_lag14,287,0.052%
aoq_yoy_lag15,287,0.052%
acoq_yoy_lag18,287,0.052%
dpq_qoq_lag19,287,0.052%
xsgaq_qoq_lag19,287,0.052%
req_qoq,286,0.052%
dpq_qoq_lag03,286,0.052%
capxy_q_revtq_lag03,286,0.052%
cheq_qoq_lag04,286,0.052%
nopiq_revtq_lag05,286,0.052%
lltq_yoy_lag13,286,0.052%
actq_yoy_lag14,286,0.052%
xoprq_yoy_lag16,286,0.052%
xoprq_yoy_lag17,286,0.052%
loq_yoy_lag05,285,0.052%
capxy_q_qoq_lag11,285,0.052%
dpq_yoy_lag12,285,0.052%
cheq_qoq_lag19,285,0.052%
capxy_q_qoq_lag05,284,0.052%
actq_qoq_lag07,284,0.052%
lcoq_qoq_lag10,284,0.052%
loq_yoy_lag13,284,0.052%
dpq_yoy_lag14,284,0.052%
xsgaq_qoq_lag15,284,0.052%
rectq_yoy_lag15,284,0.052%
seqq_yoy_lag15,284,0.052%
xintq_qoq_lag17,284,0.052%
invtq_qoq_lag19,284,0.052%
actq_yoy,283,0.052%
xoprq_qoq_lag03,283,0.052%
oancfy_q_yoy_lag05,283,0.052%
oibdpq_qoq_lag19,283,0.052%
oancfy_q_revtq_lag04,282,0.051%
dlcq_yoy_lag06,282,0.051%
ltq_qoq_lag07,282,0.051%
niq_qoq_lag12,282,0.051%
acoq_yoy_lag14,282,0.051%
loq_yoy_lag14,282,0.051%
dpq_yoy_lag15,282,0.051%
actq_qoq_lag17,282,0.051%
actq_yoy_lag04,281,0.051%
dpactq_yoy_lag13,281,0.051%
nopiq_revtq_lag15,281,0.051%
invtq_qoq_lag16,281,0.051%
nopiq_yoy_lag04,280,0.051%
lcoq_qoq_lag08,280,0.051%
acoq_yoy_lag09,280,0.051%
cogsq_yoy_lag11,280,0.051%
oibdpq_yoy_lag15,280,0.051%
ltq_yoy_lag06,279,0.051%
oibdpq_yoy_lag07,279,0.051%
lctq_qoq_lag16,279,0.051%
niq_qoq_lag05,278,0.051%
actq_yoy_lag07,278,0.051%
nopiq_revtq_lag07,278,0.051%
rectq_qoq_lag08,278,0.051%
wcapq_qoq_lag08,278,0.051%
dpq_qoq_lag10,278,0.051%
dlttq_yoy_lag14,278,0.051%
wcapq_qoq_lag15,278,0.051%
ancq_yoy_lag15,278,0.051%
atq_qoq_lag07,277,0.051%
acoq_qoq_lag10,277,0.051%
dlttq_yoy_lag13,277,0.051%
dpq_yoy_lag18,277,0.051%
cogsq_qoq,276,0.050%
cheq_qoq_lag07,276,0.050%
lctq_qoq_lag08,276,0.050%
rectq_yoy_lag09,276,0.050%
xsgaq_yoy_lag10,276,0.050%
invtq_qoq_lag01,275,0.050%
capxy_q_qoq_lag06,275,0.050%
seqq_qoq_lag11,275,0.050%
rectq_yoy_lag16,275,0.050%
wcapq_yoy,274,0.050%
dpactq_yoy_lag01,274,0.050%
capxy_q_revtq_lag01,274,0.050%
dpq_qoq_lag06,274,0.050%
acoq_qoq_lag15,274,0.050%
dlcq_yoy_lag15,274,0.050%
actq_qoq_lag19,274,0.050%
ltq_yoy_lag09,273,0.050%
lcoq_qoq_lag11,273,0.050%
nopiq_revtq_lag16,273,0.050%
lctq_qoq_lag02,272,0.050%
wcapq_qoq_lag03,272,0.050%
actq_yoy_lag08,272,0.050%
seqq_yoy_lag13,272,0.050%
acoq_yoy_lag15,272,0.050%
capxy_q_yoy_lag16,272,0.050%
seqq_qoq_lag18,272,0.050%
aoq_atq_lag01,271,0.049%
lltq_yoy_lag10,271,0.049%
lcoq_qoq_lag15,271,0.049%
wcapq_qoq_lag19,271,0.049%
cogsq_yoy_lag15,270,0.049%
dlcq_atq_lag16,270,0.049%
dpq_yoy_lag08,269,0.049%
rectq_yoy_lag08,269,0.049%
wcapq_yoy_lag08,269,0.049%
xoprq_qoq_lag09,269,0.049%
niq_yoy_lag10,269,0.049%
dpactq_yoy_lag14,269,0.049%
revtq_yoy_lag15,269,0.049%
aoq_atq_lag19,269,0.049%
fincfy_q_revtq,268,0.049%
xoprq_qoq_lag08,268,0.049%
oibdpq_qoq_lag14,268,0.049%
req_qoq_lag15,268,0.049%
oancfy_q_revtq_lag17,268,0.049%
txtq_yoy_lag18,268,0.049%
dpactq_qoq,267,0.049%
capxy_q_qoq_lag08,267,0.049%
xoprq_yoy_lag08,267,0.049%
invtq_qoq_lag11,267,0.049%
xoprq_yoy_lag15,267,0.049%
actq_qoq_lag02,266,0.049%
oibdpq_qoq_lag03,266,0.049%
niq_revtq_lag10,266,0.049%
xintq_qoq_lag12,266,0.049%
nopiq_yoy_lag13,266,0.049%
xoprq_qoq_lag14,266,0.049%
revtq_qoq_lag17,266,0.049%
niq_revtq_lag18,266,0.049%
xintq_yoy_lag19,266,0.049%
ltq_atq,265,0.048%
capxy_q_qoq_lag02,265,0.048%
apq_qoq_lag04,265,0.048%
wcapq_yoy_lag04,265,0.048%
actq_qoq_lag05,265,0.048%
wcapq_qoq_lag07,265,0.048%
oancfy_q_revtq_lag07,265,0.048%
atq_qoq_lag09,265,0.048%
capxy_q_revtq_lag09,265,0.048%
cheq_atq_lag15,265,0.048%
actq_yoy_lag18,265,0.048%
oancfy_q_qoq_lag03,264,0.048%
oancfy_q_qoq_lag04,264,0.048%
niq_qoq_lag11,264,0.048%
capxy_q_qoq_lag14,264,0.048%
lctq_qoq_lag14,264,0.048%
chechy_q_revtq_lag15,264,0.048%
lltq_yoy_lag16,264,0.048%
rectq_yoy_lag17,264,0.048%
lctq_atq_lag01,263,0.048%
revtq_yoy_lag12,263,0.048%
lctq_atq_lag16,263,0.048%
dpactq_yoy_lag17,263,0.048%
lltq_yoy_lag18,263,0.048%
lctq_yoy_lag06,262,0.048%
lctq_yoy_lag09,262,0.048%
cogsq_qoq_lag10,262,0.048%
dpactq_qoq_lag10,262,0.048%
dlcq_yoy_lag10,262,0.048%
dlcq_atq_lag17,262,0.048%
lctq_atq_lag17,262,0.048%
oibdpq_yoy_lag18,262,0.048%
atq_qoq_lag19,262,0.048%
stkcoq_yoy,261,0.048%
nopiq_qoq_lag01,261,0.048%
ltq_yoy_lag02,261,0.048%
req_yoy_lag02,261,0.048%
cogsq_qoq_lag03,261,0.048%
acoq_yoy_lag05,261,0.048%
dlcq_atq_lag06,261,0.048%
cogsq_qoq_lag08,261,0.048%
oibdpq_yoy_lag10,261,0.048%
txtq_qoq_lag11,261,0.048%
actq_yoy_lag11,261,0.048%
txtq_yoy_lag12,261,0.048%
oibdpq_yoy_lag14,261,0.048%
actq_yoy_lag17,261,0.048%
capxy_q_yoy_lag03,260,0.047%
capxy_q_yoy_lag04,260,0.047%
ltq_qoq_lag06,260,0.047%
capxy_q_qoq_lag10,260,0.047%
niq_yoy_lag11,260,0.047%
nopiq_revtq_lag12,260,0.047%
dpactq_qoq_lag13,260,0.047%
revtq_yoy_lag14,260,0.047%
niq_revtq_lag19,260,0.047%
acoq_qoq,259,0.047%
ppentq_yoy_lag01,259,0.047%
chechy_q_revtq_lag04,259,0.047%
wcapq_yoy_lag05,259,0.047%
txtq_revtq_lag07,259,0.047%
ppentq_yoy_lag08,259,0.047%
xintq_qoq_lag10,259,0.047%
loq_yoy_lag10,259,0.047%
nopiq_revtq_lag17,259,0.047%
cogsq_yoy_lag18,259,0.047%
wcapq_qoq_lag02,258,0.047%
cogsq_qoq_lag05,258,0.047%
nopiq_qoq_lag05,258,0.047%
lcoq_yoy_lag05,258,0.047%
dlttq_yoy_lag16,258,0.047%
actq_qoq_lag01,257,0.047%
nopiq_yoy_lag02,257,0.047%
txtq_qoq_lag03,257,0.047%
ppentq_yoy_lag03,257,0.047%
chechy_q_revtq_lag03,257,0.047%
lcoq_qoq_lag05,257,0.047%
oibdpq_qoq_lag11,257,0.047%
txtq_revtq_lag11,257,0.047%
cogsq_yoy_lag16,257,0.047%
xoprq_qoq_lag01,256,0.047%
actq_yoy_lag02,256,0.047%
cogsq_yoy_lag02,256,0.047%
nopiq_revtq_lag11,256,0.047%
actq_qoq_lag14,256,0.047%
xintq_qoq_lag15,256,0.047%
dlcq_yoy_lag01,255,0.046%
nopiq_revtq_lag01,255,0.046%
atq_yoy_lag06,255,0.046%
xsgaq_yoy_lag12,255,0.046%
niq_qoq_lag13,255,0.046%
oibdpq_qoq_lag13,255,0.046%
actq_qoq_lag18,255,0.046%
xintq_qoq_lag03,254,0.046%
txtq_qoq_lag07,254,0.046%
seqq_yoy_lag07,254,0.046%
nopiq_qoq_lag09,254,0.046%
acoq_atq_lag12,254,0.046%
lctq_yoy_lag14,254,0.046%
xoprq_yoy_lag14,254,0.046%
ancq_yoy_lag18,254,0.046%
lctq_yoy_lag18,254,0.046%
dpactq_revtq,253,0.046%
txtq_qoq_lag01,253,0.046%
chechy_q_revtq_lag05,253,0.046%
xoprq_yoy_lag06,253,0.046%
xintq_qoq_lag08,253,0.046%
oancfy_q_yoy_lag08,253,0.046%
atq_yoy_lag09,253,0.046%
acoq_yoy_lag11,253,0.046%
oancfy_q_yoy_lag11,253,0.046%
nopiq_qoq_lag12,253,0.046%
actq_yoy_lag12,253,0.046%
ltq_qoq_lag14,253,0.046%
xoprq_qoq_lag15,253,0.046%
ancq_yoy_lag16,253,0.046%
xintq_yoy_lag16,253,0.046%
nopiq_qoq_lag19,253,0.046%
niq_qoq_lag07,252,0.046%
xoprq_qoq_lag10,252,0.046%
atq_qoq_lag13,252,0.046%
acoq_qoq_lag17,252,0.046%
atq_yoy_lag18,252,0.046%
xsgaq_yoy_lag01,251,0.046%
lcoq_qoq_lag03,251,0.046%
seqq_qoq_lag06,251,0.046%
ppentq_yoy_lag10,251,0.046%
xsgaq_yoy_lag14,251,0.046%
xsgaq_yoy_lag15,251,0.046%
niq_qoq_lag17,251,0.046%
actq_yoy_lag05,250,0.046%
ltq_qoq_lag08,250,0.046%
xoprq_yoy_lag11,250,0.046%
lctq_yoy_lag12,250,0.046%
txtq_revtq_lag12,250,0.046%
cogsq_yoy_lag14,250,0.046%
dlttq_yoy_lag03,249,0.045%
lctq_qoq_lag05,249,0.045%
niq_yoy_lag13,249,0.045%
lcoq_qoq_lag06,248,0.045%
oancfy_q_revtq_lag06,248,0.045%
capxy_q_qoq_lag07,248,0.045%
xsgaq_yoy_lag07,248,0.045%
cheq_atq_lag07,248,0.045%
actq_qoq_lag10,248,0.045%
invtq_yoy_lag13,248,0.045%
cogsq_qoq_lag15,248,0.045%
apq_qoq_lag16,248,0.045%
lltq_yoy_lag04,247,0.045%
lltq_yoy_lag06,247,0.045%
dpactq_yoy_lag07,247,0.045%
revtq_yoy_lag08,247,0.045%
dpq_yoy_lag09,247,0.045%
lctq_yoy_lag10,247,0.045%
xintq_yoy_lag12,247,0.045%
capxy_q_revtq_lag13,247,0.045%
wcapq_yoy_lag16,247,0.045%
cogsq_yoy_lag01,246,0.045%
req_qoq_lag02,246,0.045%
ltq_yoy_lag05,246,0.045%
niq_revtq_lag05,246,0.045%
dpactq_yoy_lag08,246,0.045%
dpactq_yoy_lag02,245,0.045%
niq_qoq_lag06,245,0.045%
dpq_yoy_lag07,245,0.045%
ltq_yoy_lag07,245,0.045%
cogsq_qoq_lag09,245,0.045%
txtq_qoq_lag13,245,0.045%
oancfy_q_yoy_lag13,245,0.045%
capxy_q_revtq_lag16,245,0.045%
loq_yoy_lag18,245,0.045%
ancq_yoy_lag19,245,0.045%
invtq_yoy_lag19,245,0.045%
doq_revtq,244,0.044%
nopiq_revtq_lag03,244,0.044%
lctq_atq_lag06,244,0.044%
lltq_yoy_lag11,244,0.044%
cogsq_yoy_lag12,244,0.044%
xoprq_qoq_lag17,244,0.044%
lltq_yoy_lag17,244,0.044%
cheq_atq_lag03,243,0.044%
txtq_revtq_lag09,243,0.044%
cogsq_yoy_lag10,243,0.044%
capxy_q_revtq_lag12,243,0.044%
ancq_yoy_lag13,243,0.044%
wcapq_yoy_lag13,243,0.044%
cheq_atq_lag13,243,0.044%
oancfy_q_revtq_lag13,243,0.044%
xsgaq_revtq,242,0.044%
cheq_atq_lag02,242,0.044%
txtq_yoy_lag03,242,0.044%
capxy_q_qoq_lag04,242,0.044%
lcoq_yoy_lag08,242,0.044%
xsgaq_qoq_lag10,242,0.044%
cheq_atq_lag18,242,0.044%
nopiq_qoq_lag03,241,0.044%
xintq_yoy_lag03,241,0.044%
xintq_yoy_lag11,241,0.044%
wcapq_yoy_lag17,241,0.044%
actq_yoy_lag06,240,0.044%
oancfy_q_revtq_lag10,240,0.044%
nopiq_yoy_lag12,240,0.044%
wcapq_qoq_lag13,240,0.044%
nopiq_qoq_lag02,239,0.044%
acoq_yoy_lag03,239,0.044%
wcapq_qoq_lag04,239,0.044%
acoq_atq_lag04,239,0.044%
actq_qoq_lag13,239,0.044%
revtq_yoy_lag13,239,0.044%
ppentq_yoy_lag02,238,0.043%
capxy_q_revtq_lag05,238,0.043%
txtq_qoq_lag06,238,0.043%
wcapq_qoq_lag09,238,0.043%
actq_qoq_lag15,238,0.043%
aoq_atq_lag17,238,0.043%
wcapq_yoy_lag03,237,0.043%
ltq_yoy_lag08,237,0.043%
xintq_yoy_lag14,237,0.043%
atq_yoy_lag16,237,0.043%
txpq_atq,236,0.043%
cogsq_revtq_lag01,236,0.043%
xoprq_qoq_lag02,236,0.043%
nopiq_revtq_lag02,236,0.043%
lltq_yoy_lag08,236,0.043%
xsgaq_yoy_lag08,236,0.043%
invtq_qoq_lag10,236,0.043%
dlcq_yoy_lag13,236,0.043%
acoq_atq_lag02,235,0.043%
xintq_qoq_lag04,235,0.043%
xsgaq_qoq_lag06,235,0.043%
xsgaq_qoq_lag09,235,0.043%
ancq_yoy_lag12,235,0.043%
xintq_qoq_lag13,235,0.043%
niq_qoq_lag19,235,0.043%
niq_qoq_lag04,234,0.043%
xsgaq_yoy_lag06,234,0.043%
txtq_yoy_lag09,234,0.043%
xoprq_yoy_lag10,234,0.043%
txtq_qoq_lag14,234,0.043%
nopiq_yoy_lag16,234,0.043%
txpq_yoy_lag04,233,0.042%
ppentq_yoy_lag06,233,0.042%
nopiq_revtq_lag06,233,0.042%
nopiq_qoq_lag11,233,0.042%
dpactq_yoy_lag10,232,0.042%
nopiq_revtq_lag10,232,0.042%
lcoq_qoq_lag12,232,0.042%
txtq_revtq_lag15,232,0.042%
dpactq_revtq_lag18,232,0.042%
oancfy_q_qoq_lag05,231,0.042%
actq_qoq_lag06,231,0.042%
req_qoq_lag06,231,0.042%
lltq_yoy_lag15,231,0.042%
atq_qoq_lag16,231,0.042%
rectq_atq_lag01,230,0.042%
invtq_qoq_lag04,230,0.042%
dpq_yoy_lag05,230,0.042%
lltq_yoy_lag05,230,0.042%
nopiq_yoy_lag11,230,0.042%
cogsq_revtq_lag14,230,0.042%
oibdpq_qoq_lag16,230,0.042%
dpq_yoy_lag17,230,0.042%
cogsq_qoq_lag02,229,0.042%
xoprq_revtq_lag03,229,0.042%
nopiq_yoy_lag07,229,0.042%
txtq_revtq_lag08,229,0.042%
acoq_qoq_lag09,229,0.042%
oibdpq_qoq_lag12,229,0.042%
acoq_atq_lag17,229,0.042%
wcapq_yoy_lag10,228,0.042%
cheq_atq_lag10,228,0.042%
req_yoy_lag11,228,0.042%
xoprq_revtq_lag14,228,0.042%
cogsq_revtq_lag15,228,0.042%
aoq_atq,227,0.041%
dpactq_qoq_lag03,227,0.041%
xoprq_yoy_lag04,227,0.041%
dlcq_atq_lag05,227,0.041%
capxy_q_revtq_lag14,227,0.041%
lctq_atq_lag15,227,0.041%
oancfy_q_revtq_lag18,227,0.041%
txtq_revtq_lag19,227,0.041%
actq_yoy_lag03,226,0.041%
dlcq_yoy_lag05,226,0.041%
oancfy_q_qoq_lag09,226,0.041%
chechy_q_revtq_lag09,226,0.041%
txtq_yoy_lag14,226,0.041%
nopiq_yoy_lag15,226,0.041%
rectq_atq_lag19,226,0.041%
actq_yoy_lag01,225,0.041%
dpactq_qoq_lag07,225,0.041%
nopiq_yoy_lag08,225,0.041%
oancfy_q_revtq_lag11,225,0.041%
wcapq_qoq_lag16,225,0.041%
dlcq_yoy_lag16,225,0.041%
lltq_atq,224,0.041%
cogsq_qoq_lag01,224,0.041%
acoq_yoy_lag07,224,0.041%
lctq_atq_lag08,224,0.041%
lctq_yoy_lag11,224,0.041%
txtq_yoy_lag11,224,0.041%
dlcq_atq_lag12,224,0.041%
invtq_qoq_lag13,224,0.041%
dlcq_yoy_lag18,224,0.041%
xoprq_qoq_lag07,223,0.041%
cheq_atq_lag09,223,0.041%
cheq_atq_lag12,223,0.041%
cogsq_revtq_lag17,223,0.041%
invtq_qoq_lag02,222,0.040%
capxy_q_revtq_lag04,222,0.040%
txtq_qoq_lag05,222,0.040%
xoprq_yoy_lag09,222,0.040%
txtq_revtq_lag10,222,0.040%
xintq_qoq_lag11,222,0.040%
dlcq_yoy_lag11,222,0.040%
rectq_atq_lag13,222,0.040%
dlcq_yoy_lag14,222,0.040%
oibdpq_qoq_lag15,222,0.040%
lctq_qoq_lag17,222,0.040%
cogsq_revtq_lag18,222,0.040%
invtq_yoy_lag05,221,0.040%
acoq_atq_lag11,221,0.040%
ltq_qoq_lag18,221,0.040%
capxy_q_yoy_lag02,220,0.040%
req_qoq_lag03,220,0.040%
dpactq_yoy_lag04,220,0.040%
ppentq_yoy_lag05,220,0.040%
txtq_yoy_lag05,220,0.040%
nopiq_qoq_lag08,220,0.040%
actq_qoq_lag11,220,0.040%
atq_yoy_lag12,220,0.040%
lctq_yoy_lag13,220,0.040%
oancfy_q_yoy_lag19,220,0.040%
cogsq_qoq_lag07,219,0.040%
xoprq_revtq_lag12,219,0.040%
dlttq_yoy_lag01,218,0.040%
lctq_atq_lag02,218,0.040%
xintq_qoq_lag05,218,0.040%
xintq_yoy_lag05,218,0.040%
capxy_q_revtq_lag06,218,0.040%
ancq_yoy_lag14,218,0.040%
ancq_yoy_lag17,218,0.040%
nopiq_qoq_lag18,218,0.040%
chechy_q_revtq_lag19,218,0.040%
dlttq_yoy_lag02,217,0.040%
dlcq_atq_lag02,217,0.040%
dpq_yoy_lag06,217,0.040%
ancq_yoy_lag09,217,0.040%
dlttq_yoy_lag19,217,0.040%
dlcq_atq_lag01,216,0.039%
atq_yoy_lag04,216,0.039%
dlttq_yoy_lag04,216,0.039%
dpactq_qoq_lag08,216,0.039%
wcapq_qoq_lag10,216,0.039%
niq_revtq_lag17,216,0.039%
xintq_yoy_lag09,215,0.039%
xoprq_revtq_lag09,215,0.039%
ancq_yoy_lag10,215,0.039%
atq_qoq_lag12,215,0.039%
nopiq_qoq_lag14,215,0.039%
actq_yoy_lag16,215,0.039%
nopiq_qoq_lag13,214,0.039%
invtq_qoq_lag15,214,0.039%
actq_yoy_lag15,214,0.039%
dpactq_yoy_lag15,214,0.039%
oancfy_q_yoy_lag15,214,0.039%
cheq_atq_lag16,214,0.039%
invtq_yoy_lag07,213,0.039%
req_qoq_lag09,213,0.039%
cogsq_yoy_lag09,213,0.039%
dlcq_atq_lag09,213,0.039%
oancfy_q_yoy_lag10,213,0.039%
actq_yoy_lag19,213,0.039%
wcapq_qoq_lag05,212,0.039%
lctq_atq_lag09,212,0.039%
chechy_q_revtq_lag11,212,0.039%
chechy_q_revtq_lag16,212,0.039%
invtq_qoq_lag17,212,0.039%
capxy_q_revtq_lag17,212,0.039%
capxy_q_qoq_lag18,212,0.039%
xintq_yoy_lag18,212,0.039%
txpq_atq_lag03,211,0.038%
txtq_revtq_lag03,211,0.038%
txtq_qoq_lag04,211,0.038%
niq_qoq_lag10,211,0.038%
nopiq_yoy_lag14,211,0.038%
nopiq_revtq_lag14,211,0.038%
xoprq_yoy_lag18,211,0.038%
spiq_revtq_lag01,210,0.038%
stkcoq_yoy_lag03,210,0.038%
ancq_yoy_lag05,210,0.038%
dlttq_yoy_lag06,210,0.038%
dlcq_atq_lag10,210,0.038%
chechy_q_revtq_lag12,210,0.038%
txtq_yoy_lag16,210,0.038%
atq_qoq_lag17,210,0.038%
loq_yoy_lag17,210,0.038%
xintq_qoq_lag18,210,0.038%
fincfy_q_revtq_lag01,209,0.038%
txpq_atq_lag04,209,0.038%
ancq_yoy_lag06,209,0.038%
ppentq_yoy_lag07,209,0.038%
fincfy_q_revtq_lag02,208,0.038%
rectq_atq_lag03,208,0.038%
capxy_q_qoq_lag13,208,0.038%
acoq_atq_lag18,208,0.038%
oancfy_q_revtq_lag05,207,0.038%
ancq_yoy_lag07,207,0.038%
aoq_atq_lag03,206,0.038%
dlttq_yoy_lag11,206,0.038%
dpactq_qoq_lag14,206,0.038%
acoq_atq_lag16,206,0.038%
txtq_yoy_lag17,206,0.038%
acoq_atq_lag01,205,0.037%
xintq_yoy_lag02,205,0.037%
rectq_atq_lag12,205,0.037%
dlttq_yoy_lag15,205,0.037%
txtq_revtq_lag02,204,0.037%
ancq_yoy_lag03,204,0.037%
seqq_yoy_lag09,204,0.037%
xintq_yoy_lag10,204,0.037%
ppentq_yoy_lag12,204,0.037%
invtq_yoy_lag14,204,0.037%
lctq_atq_lag18,204,0.037%
invtq_qoq_lag03,203,0.037%
acoq_atq_lag03,203,0.037%
invtq_qoq_lag05,203,0.037%
ppentq_yoy_lag09,203,0.037%
req_qoq_lag14,203,0.037%
lctq_atq_lag14,203,0.037%
atq_yoy_lag15,203,0.037%
req_qoq_lag17,203,0.037%
req_yoy_lag17,203,0.037%
oancfy_q_qoq_lag06,202,0.037%
chechy_q_revtq_lag06,202,0.037%
invtq_yoy_lag16,202,0.037%
ppentq_yoy_lag18,202,0.037%
nopiq_qoq_lag04,201,0.037%
invtq_qoq_lag08,201,0.037%
niq_revtq_lag09,201,0.037%
xrdq_yoy_lag18,201,0.037%
oancfy_q_qoq,200,0.036%
fincfy_q_revtq_lag03,200,0.036%
xintq_yoy_lag06,200,0.036%
rectq_yoy_lag12,200,0.036%
txtq_yoy_lag13,200,0.036%
xintq_qoq_lag19,200,0.036%
aoq_atq_lag02,199,0.036%
cheq_atq_lag05,199,0.036%
txtq_qoq_lag08,199,0.036%
xsgaq_yoy_lag11,199,0.036%
oancfy_q_qoq_lag18,199,0.036%
chechy_q_revtq_lag01,198,0.036%
rectq_atq_lag02,198,0.036%
chechy_q_revtq_lag02,198,0.036%
nopiq_qoq_lag06,198,0.036%
dlttq_yoy_lag09,198,0.036%
ppentq_yoy_lag13,198,0.036%
xintq_yoy_lag13,198,0.036%
oancfy_q_yoy_lag14,198,0.036%
ppentq_yoy_lag14,198,0.036%
capxy_q_revtq_lag15,198,0.036%
wcapq_qoq_lag17,198,0.036%
cogsq_yoy_lag17,198,0.036%
xsgaq_revtq_lag17,198,0.036%
invtq_qoq_lag07,197,0.036%
oancfy_q_qoq_lag08,197,0.036%
nopiq_revtq_lag09,197,0.036%
invtq_yoy_lag18,197,0.036%
dpactq_qoq_lag16,196,0.036%
dpactq_yoy_lag16,196,0.036%
oancfy_q_yoy_lag16,196,0.036%
rectq_atq_lag17,196,0.036%
dpactq_revtq_lag17,196,0.036%
atq_qoq_lag18,196,0.036%
oancfy_q_revtq_lag19,196,0.036%
nopiq_yoy_lag10,195,0.036%
acoq_yoy_lag13,195,0.036%
atq_yoy_lag02,194,0.035%
dlttq_yoy_lag07,194,0.035%
txtq_qoq_lag09,194,0.035%
capxy_q_revtq_lag10,194,0.035%
req_qoq_lag16,194,0.035%
cogsq_revtq_lag16,194,0.035%
oancfy_q_yoy_lag18,194,0.035%
txtq_revtq_lag18,194,0.035%
invtq_yoy_lag08,193,0.035%
ltq_yoy_lag15,193,0.035%
acoq_atq_lag15,193,0.035%
actq_qoq_lag09,192,0.035%
req_yoy_lag12,192,0.035%
dlcq_atq_lag14,192,0.035%
rectq_atq_lag14,192,0.035%
cheq_atq_lag08,191,0.035%
invtq_qoq_lag09,191,0.035%
xoprq_revtq_lag13,191,0.035%
oancfy_q_revtq_lag14,191,0.035%
txtq_qoq_lag18,191,0.035%
atq_yoy_lag05,190,0.035%
req_yoy_lag15,190,0.035%
txtq_qoq_lag17,190,0.035%
spiq_revtq_lag02,189,0.034%
atq_yoy_lag03,189,0.034%
dpactq_qoq_lag05,189,0.034%
oibdpq_qoq_lag05,189,0.034%
dpactq_qoq_lag09,189,0.034%
aoq_atq_lag11,189,0.034%
txtq_qoq_lag16,189,0.034%
txpq_yoy_lag03,188,0.034%
lctq_atq_lag04,188,0.034%
dvy_q_qoq_lag05,188,0.034%
cogsq_revtq_lag09,188,0.034%
aoq_atq_lag12,188,0.034%
txtq_yoy_lag15,188,0.034%
stkcoq_qoq_lag02,187,0.034%
ancq_yoy_lag04,187,0.034%
nopiq_yoy_lag06,187,0.034%
chechy_q_revtq_lag07,187,0.034%
oancfy_q_yoy_lag09,187,0.034%
ancq_yoy_lag11,187,0.034%
dlcq_atq_lag11,187,0.034%
xsgaq_revtq_lag13,187,0.034%
req_qoq_lag08,186,0.034%
invtq_yoy_lag12,186,0.034%
dpactq_qoq_lag19,186,0.034%
ltq_atq_lag19,186,0.034%
stkcoq_yoy_lag01,185,0.034%
ivltq_yoy_lag08,185,0.034%
rectq_atq_lag09,185,0.034%
req_qoq_lag10,185,0.034%
invtq_yoy_lag11,185,0.034%
aoq_atq_lag14,185,0.034%
niq_qoq_lag16,184,0.034%
dlttq_yoy_lag17,184,0.034%
dlttq_yoy_lag18,184,0.034%
rectq_atq_lag18,184,0.034%
txtq_revtq_lag04,183,0.033%
dpactq_qoq_lag11,183,0.033%
invtq_yoy_lag15,183,0.033%
actq_qoq_lag16,183,0.033%
xintq_revtq_lag19,183,0.033%
stkcoq_yoy_lag02,182,0.033%
dpactq_qoq_lag04,182,0.033%
chechy_q_revtq_lag08,182,0.033%
dlcq_yoy_lag09,182,0.033%
nopiq_qoq_lag10,182,0.033%
xintq_yoy_lag15,182,0.033%
ppentq_yoy_lag17,182,0.033%
revtq,181,0.033%
invtq_yoy_lag04,181,0.033%
rectq_atq_lag16,181,0.033%
dpactq_revtq_lag01,180,0.033%
txtq_revtq_lag05,180,0.033%
niq_qoq_lag09,180,0.033%
acoq_atq_lag09,180,0.033%
aoq_atq_lag08,179,0.033%
dlttq_yoy_lag10,179,0.033%
req_yoy_lag13,179,0.033%
nopiq_qoq_lag17,179,0.033%
req_qoq_lag19,179,0.033%
cheq_atq_lag11,178,0.032%
dpactq_qoq_lag12,178,0.032%
chechy_q_revtq_lag13,178,0.032%
lltq_yoy_lag14,178,0.032%
dlcq_atq_lag15,178,0.032%
chechy_q_revtq_lag18,178,0.032%
xoprq_revtq_lag18,178,0.032%
req_yoy_lag04,177,0.032%
dlcq_atq_lag04,177,0.032%
dlttq_yoy_lag05,177,0.032%
niq_revtq_lag06,177,0.032%
stkcoq_revtq,176,0.032%
rectq_atq_lag04,176,0.032%
atq_qoq_lag15,176,0.032%
xoprq_revtq_lag15,176,0.032%
oibdpq_revtq_lag01,175,0.032%
dlcq_atq_lag03,175,0.032%
req_qoq_lag13,175,0.032%
oibdpq_qoq_lag17,175,0.032%
req_qoq_lag05,174,0.032%
capxy_q_revtq_lag08,173,0.032%
oancfy_q_revtq_lag09,173,0.032%
oancfy_q_revtq_lag15,173,0.032%
atq_yoy_lag17,173,0.032%
ltq_atq_lag02,172,0.031%
dpactq_qoq_lag06,172,0.031%
oancfy_q_qoq_lag07,172,0.031%
acoq_atq_lag07,172,0.031%
nopiq_qoq_lag15,172,0.031%
acoq_atq_lag05,171,0.031%
xoprq_revtq_lag08,171,0.031%
txtq_revtq_lag14,171,0.031%
chechy_q_revtq_lag17,171,0.031%
xoprq_revtq_lag17,171,0.031%
req_qoq_lag04,170,0.031%
ancq_atq_lag04,170,0.031%
aoq_atq_lag10,170,0.031%
ppentq_yoy_lag15,170,0.031%
dvy_q_qoq_lag16,170,0.031%
cogsq_revtq_lag05,169,0.031%
cogsq_revtq_lag07,169,0.031%
cogsq_revtq_lag11,169,0.031%
fincfy_q_revtq_lag11,169,0.031%
niq_revtq_lag12,169,0.031%
chechy_q_revtq_lag14,169,0.031%
cogsq_revtq_lag06,168,0.031%
dlttq_yoy_lag08,168,0.031%
atq_yoy_lag10,168,0.031%
seqq_atq_lag10,168,0.031%
niq_revtq_lag13,168,0.031%
cheq_atq_lag06,167,0.030%
xintq_revtq_lag09,167,0.030%
oancfy_q_qoq_lag10,167,0.030%
oibdpq_qoq_lag10,167,0.030%
atq_yoy_lag11,167,0.030%
niq_revtq_lag16,167,0.030%
oancfy_q_qoq_lag02,166,0.030%
txpq_yoy_lag07,166,0.030%
oancfy_q_qoq_lag15,166,0.030%
txtq_qoq_lag15,166,0.030%
oancfy_q_qoq_lag19,166,0.030%
req_atq_lag19,166,0.030%
dvy_q_qoq_lag04,165,0.030%
acoq_atq_lag10,165,0.030%
xoprq_revtq_lag11,165,0.030%
txpq_atq_lag17,165,0.030%
chechy_q_revtq_lag10,164,0.030%
lctq_atq_lag13,164,0.030%
dpactq_yoy_lag03,163,0.030%
oancfy_q_revtq_lag08,163,0.030%
txpq_qoq_lag14,163,0.030%
invtq_yoy_lag17,163,0.030%
stkcoq_revtq_lag01,162,0.030%
dpq_revtq_lag07,162,0.030%
req_qoq_lag12,162,0.030%
req_qoq_lag18,162,0.030%
seqq_atq_lag19,162,0.030%
invtq_yoy_lag06,161,0.029%
dpactq_revtq_lag09,161,0.029%
txpq_atq_lag11,161,0.029%
atq_yoy_lag14,161,0.029%
req_yoy_lag18,161,0.029%
oibdpq_revtq_lag19,161,0.029%
invtq_qoq_lag06,160,0.029%
revtq_lag07,160,0.029%
aoq_atq_lag16,160,0.029%
dvy_q_qoq_lag06,159,0.029%
invtq_qoq_lag14,159,0.029%
dpactq_revtq_lag16,159,0.029%
xsgaq_revtq_lag16,159,0.029%
invtq_qoq_lag18,159,0.029%
dpactq_qoq_lag02,158,0.029%
dpq_revtq_lag02,158,0.029%
xoprq_revtq_lag04,158,0.029%
cogsq_revtq_lag08,158,0.029%
oancfy_q_qoq_lag12,158,0.029%
lctq_atq_lag12,158,0.029%
ltq_atq_lag15,158,0.029%
cogsq_revtq_lag19,158,0.029%
dvy_q_revtq_lag19,158,0.029%
txpq_atq_lag01,157,0.029%
doq_revtq_lag01,157,0.029%
xintq_revtq_lag01,157,0.029%
capxy_q_revtq_lag11,157,0.029%
req_yoy_lag03,156,0.028%
atq_yoy_lag07,156,0.028%
invtq_yoy_lag10,156,0.028%
txpq_atq_lag13,156,0.028%
niq_revtq_lag07,155,0.028%
atq_yoy_lag08,155,0.028%
req_yoy_lag09,155,0.028%
tstkq_atq,154,0.028%
seqq_atq,153,0.028%
dpactq_qoq_lag01,153,0.028%
wcapq_yoy_lag14,153,0.028%
cogsq_revtq_lag02,152,0.028%
dpq_revtq_lag03,152,0.028%
xrdq_yoy_lag10,152,0.028%
txpq_atq_lag10,152,0.028%
niq_revtq_lag11,152,0.028%
seqq_atq_lag14,152,0.028%
oancfy_q_revtq_lag16,152,0.028%
revtq_lag19,152,0.028%
oibdpq_revtq_lag06,151,0.028%
xoprq_revtq_lag06,151,0.028%
aoq_atq_lag09,151,0.028%
txpq_yoy_lag17,151,0.028%
actq_atq_lag19,151,0.028%
xoprq_revtq_lag19,151,0.028%
lctq_atq_lag03,150,0.027%
req_qoq_lag07,150,0.027%
acoq_atq_lag08,150,0.027%
dpq_revtq_lag09,150,0.027%
txtq_revtq_lag16,150,0.027%
dvy_q_qoq_lag01,149,0.027%
fincfy_q_revtq_lag10,149,0.027%
cogsq_revtq_lag13,149,0.027%
niq_revtq_lag14,149,0.027%
req_yoy_lag16,149,0.027%
xintq_revtq_lag18,149,0.027%
req_atq,148,0.027%
xsgaq_revtq_lag12,148,0.027%
invtq_yoy_lag03,147,0.027%
aoq_atq_lag04,147,0.027%
ppentq_atq,146,0.027%
seqq_atq_lag01,146,0.027%
xsgaq_revtq_lag01,146,0.027%
dpactq_revtq_lag04,146,0.027%
fincfy_q_revtq_lag13,146,0.027%
ltq_atq_lag14,146,0.027%
oancfy_q_qoq_lag17,146,0.027%
doq_revtq_lag02,145,0.026%
txpq_atq_lag07,145,0.026%
xrdq_yoy_lag12,145,0.026%
oancfy_q_qoq_lag13,145,0.026%
req_yoy_lag14,145,0.026%
ivltq_yoy_lag04,144,0.026%
dvy_q_qoq_lag10,144,0.026%
txpq_yoy_lag14,144,0.026%
niq_revtq_lag15,144,0.026%
atq_lag19,144,0.026%
dlttq_atq_lag01,143,0.026%
aoq_atq_lag06,143,0.026%
req_yoy_lag10,143,0.026%
xsgaq_revtq_lag11,143,0.026%
txtq_revtq_lag17,143,0.026%
ancq_atq,142,0.026%
revtq_lag03,142,0.026%
xintq_revtq_lag05,142,0.026%
lctq_atq_lag11,142,0.026%
fincfy_q_revtq_lag14,142,0.026%
fincfy_q_revtq_lag16,142,0.026%
invtq_yoy_lag09,141,0.026%
lltq_atq_lag12,141,0.026%
dvy_q_qoq_lag18,141,0.026%
lltq_atq_lag19,141,0.026%
txpq_atq_lag19,141,0.026%
fincfy_q_revtq_lag19,141,0.026%
cogsq_revtq_lag10,140,0.026%
rectq_atq_lag11,140,0.026%
req_atq_lag12,140,0.026%
txpq_atq_lag12,140,0.026%
txpq_yoy_lag13,140,0.026%
dpactq_revtq_lag15,140,0.026%
fincfy_q_revtq_lag15,140,0.026%
txpq_atq_lag16,140,0.026%
txpq_atq_lag18,140,0.026%
cheq_atq_lag04,139,0.025%
aoq_atq_lag13,139,0.025%
oancfy_q_qoq_lag14,139,0.025%
dvy_q_qoq_lag15,139,0.025%
xsgaq_revtq_lag19,139,0.025%
txpq_qoq,138,0.025%
oibdpq_revtq_lag05,138,0.025%
fincfy_q_revtq_lag09,138,0.025%
dlttq_yoy_lag12,138,0.025%
dpq_revtq_lag18,138,0.025%
req_qoq_lag01,137,0.025%
ivltq_yoy_lag03,137,0.025%
req_yoy_lag08,137,0.025%
dvy_q_revtq_lag16,137,0.025%
dpq_revtq_lag19,137,0.025%
atq,136,0.025%
seqq_atq_lag02,136,0.025%
cogsq_revtq_lag03,136,0.025%
atq_lag08,136,0.025%
invtq_qoq_lag12,136,0.025%
ltq_atq_lag18,136,0.025%
oibdpq_revtq_lag18,136,0.025%
dvy_q_revtq,135,0.025%
xoprq_revtq_lag07,135,0.025%
oancfy_q_revtq_lag12,135,0.025%
stkcoq_yoy_lag06,134,0.024%
dpq_revtq_lag08,134,0.024%
xintq_revtq_lag12,134,0.024%
dpq_revtq_lag14,134,0.024%
chechy_q_yoy_lag15,134,0.024%
dvy_q_qoq_lag02,133,0.024%
xsgaq_revtq_lag03,133,0.024%
xintq_revtq_lag07,133,0.024%
dpactq_revtq_lag10,133,0.024%
aoq_atq_lag05,132,0.024%
txpq_atq_lag06,132,0.024%
seqq_atq_lag08,132,0.024%
fincfy_q_yoy_lag11,132,0.024%
recchy_q_revtq,131,0.024%
dlttq_atq_lag02,131,0.024%
spiq_revtq_lag03,131,0.024%
rectq_atq_lag05,131,0.024%
lctq_atq_lag07,131,0.024%
seqq_atq_lag09,131,0.024%
dpactq_revtq_lag13,131,0.024%
xintq_revtq_lag16,131,0.024%
xoprq_revtq_lag16,131,0.024%
invtq_atq_lag19,131,0.024%
txpq_yoy_lag01,130,0.024%
revtq_lag02,130,0.024%
xoprq_revtq_lag05,130,0.024%
niq_revtq_lag08,130,0.024%
seqq_atq_lag13,130,0.024%
aoq_atq_lag15,130,0.024%
chechy_q_yoy_lag18,130,0.024%
txpq_yoy_lag19,130,0.024%
dpq_revtq_lag04,129,0.024%
lltq_atq_lag05,129,0.024%
dlttq_atq_lag15,129,0.024%
seqq_atq_lag15,129,0.024%
txpq_yoy_lag18,129,0.024%
atq_lag04,128,0.023%
oancfy_q_qoq_lag11,128,0.023%
cogsq_revtq_lag12,128,0.023%
dvy_q_revtq_lag17,128,0.023%
xsgaq_revtq_lag18,128,0.023%
chechy_q_yoy,127,0.023%
chechy_q_yoy_lag04,127,0.023%
dlttq_atq_lag09,127,0.023%
lctq_atq_lag10,127,0.023%
lltq_atq_lag10,127,0.023%
txpq_atq_lag15,127,0.023%
oancfy_q_qoq_lag16,127,0.023%
xrdq_qoq_lag04,126,0.023%
req_yoy_lag07,126,0.023%
txpq_yoy_lag08,126,0.023%
rectq_atq_lag10,126,0.023%
dvy_q_qoq_lag17,126,0.023%
dlttq_atq_lag17,126,0.023%
invtq_atq_lag01,125,0.023%
xrdq_yoy_lag02,125,0.023%
intanq_yoy_lag06,125,0.023%
dvy_q_qoq_lag07,125,0.023%
aoq_atq_lag07,125,0.023%
ltq_atq_lag10,125,0.023%
txpq_qoq_lag13,125,0.023%
actq_atq,124,0.023%
req_yoy_lag05,124,0.023%
rectq_atq_lag06,124,0.023%
txpq_yoy_lag09,124,0.023%
txpq_qoq_lag17,124,0.023%
invtq_atq_lag17,124,0.023%
ivltq_yoy,123,0.022%
rectq_atq_lag07,123,0.022%
ltq_atq_lag08,123,0.022%
txtq_revtq_lag13,123,0.022%
atq_lag15,123,0.022%
txpq_qoq_lag18,123,0.022%
tstkq_yoy_lag03,122,0.022%
cogsq_revtq_lag04,122,0.022%
xoprq_revtq_lag10,122,0.022%
stkcoq_qoq_lag11,122,0.022%
dpactq_revtq_lag11,122,0.022%
txpq_yoy,121,0.022%
dpactq_revtq_lag02,121,0.022%
dlttq_atq_lag04,121,0.022%
fincfy_q_revtq_lag05,121,0.022%
fincfy_q_revtq_lag08,121,0.022%
dlttq_atq_lag16,121,0.022%
lltq_atq_lag04,120,0.022%
fincfy_q_revtq_lag04,120,0.022%
revtq_lag09,120,0.022%
dvy_q_revtq_lag18,120,0.022%
dvy_q_revtq_lag01,119,0.022%
ancq_atq_lag03,119,0.022%
ltq_atq_lag07,119,0.022%
oibdpq_revtq_lag07,119,0.022%
ltq_atq_lag12,119,0.022%
ppentq_atq_lag19,119,0.022%
intanq_yoy,118,0.022%
txpq_atq_lag02,118,0.022%
atq_lag03,118,0.022%
ltq_atq_lag04,118,0.022%
dlttq_atq_lag05,118,0.022%
txpq_atq_lag05,118,0.022%
req_yoy_lag06,118,0.022%
txtq_revtq_lag06,118,0.022%
xsgaq_revtq_lag14,118,0.022%
fincfy_q_revtq_lag17,118,0.022%
oibdpq_revtq_lag17,118,0.022%
tstkq_yoy_lag02,117,0.021%
ivltq_yoy_lag05,117,0.021%
atq_lag06,117,0.021%
txpq_qoq_lag07,117,0.021%
req_qoq_lag11,117,0.021%
req_atq_lag17,117,0.021%
txpq_qoq_lag01,116,0.021%
xsgaq_revtq_lag07,116,0.021%
chechy_q_qoq_lag11,116,0.021%
seqq_atq_lag11,116,0.021%
intanq_yoy_lag12,116,0.021%
dpq_revtq_lag16,116,0.021%
dpq_revtq_lag17,116,0.021%
revtq_lag01,115,0.021%
oibdpq_revtq_lag02,115,0.021%
xintq_revtq_lag04,115,0.021%
txpq_yoy_lag10,115,0.021%
oibdpq_revtq_lag14,115,0.021%
rectq_atq_lag15,115,0.021%
xintq_revtq_lag17,115,0.021%
gdwlq_yoy_lag19,115,0.021%
lltq_atq_lag03,114,0.021%
atq_lag07,114,0.021%
rectq_atq_lag08,114,0.021%
lltq_atq_lag01,113,0.021%
xintq_revtq_lag02,113,0.021%
stkcoq_qoq_lag03,113,0.021%
gdwlq_yoy_lag03,113,0.021%
atq_lag05,113,0.021%
seqq_atq_lag05,113,0.021%
revtq_lag06,113,0.021%
ppentq_atq_lag08,113,0.021%
xrdq_yoy_lag11,113,0.021%
fincfy_q_yoy_lag13,113,0.021%
atq_lag14,113,0.021%
dpactq_revtq_lag14,113,0.021%
xsgaq_revtq_lag15,113,0.021%
revtq_lag16,113,0.021%
invtq_atq_lag16,113,0.021%
xintq_revtq_lag06,112,0.020%
xsgaq_revtq_lag09,112,0.020%
dvy_q_qoq_lag14,112,0.020%
fincfy_q_qoq_lag18,112,0.020%
chechy_q_yoy_lag19,112,0.020%
ivltq_yoy_lag19,112,0.020%
chechy_q_qoq_lag05,111,0.020%
txpq_yoy_lag05,111,0.020%
ppentq_atq_lag09,111,0.020%
oibdpq_revtq_lag16,111,0.020%
ancq_atq_lag17,111,0.020%
revtq_lag18,111,0.020%
fincfy_q_yoy_lag18,111,0.020%
dlttq_atq_lag19,111,0.020%
oibdpq_revtq_lag03,110,0.020%
gdwlq_yoy_lag04,110,0.020%
ltq_atq_lag05,110,0.020%
chechy_q_yoy_lag06,110,0.020%
lltq_atq_lag06,110,0.020%
lltq_atq_lag09,110,0.020%
ltq_atq_lag09,110,0.020%
dpq_revtq_lag11,110,0.020%
revtq_lag12,110,0.020%
revtq_lag13,110,0.020%
txpq_atq_lag14,110,0.020%
revtq_lag05,109,0.020%
dpq_revtq_lag05,109,0.020%
xrdq_revtq_lag08,109,0.020%
dpq_revtq_lag13,109,0.020%
xrdq_yoy_lag14,109,0.020%
txpq_yoy_lag15,109,0.020%
ancq_atq_lag16,109,0.020%
xrdq_qoq_lag17,109,0.020%
ppentq_atq_lag01,108,0.020%
xsgaq_revtq_lag02,108,0.020%
ivltq_yoy_lag07,108,0.020%
txpq_atq_lag08,108,0.020%
oibdpq_revtq_lag11,108,0.020%
actq_atq_lag01,107,0.020%
ltq_atq_lag03,107,0.020%
atq_lag09,107,0.020%
req_atq_lag10,107,0.020%
oibdpq_revtq_lag04,106,0.019%
ppentq_atq_lag15,106,0.019%
actq_atq_lag16,106,0.019%
atq_lag17,106,0.019%
xsgaq_revtq_lag06,105,0.019%
invchy_q_yoy_lag07,105,0.019%
dlttq_atq_lag08,105,0.019%
revtq_lag10,105,0.019%
chechy_q_yoy_lag11,105,0.019%
actq_atq_lag18,105,0.019%
dlttq_atq_lag18,105,0.019%
dlttq_atq_lag10,104,0.019%
seqq_atq_lag12,104,0.019%
xrdq_yoy_lag17,104,0.019%
tstkq_qoq,103,0.019%
atq_lag01,103,0.019%
xrdq_revtq_lag01,103,0.019%
stkcoq_revtq_lag02,103,0.019%
stkcoq_yoy_lag05,103,0.019%
seqq_atq_lag06,103,0.019%
fincfy_q_yoy_lag07,103,0.019%
lltq_atq_lag11,103,0.019%
chechy_q_yoy_lag14,103,0.019%
req_atq_lag18,103,0.019%
xsgaq_revtq_lag04,102,0.019%
xrdq_revtq_lag05,102,0.019%
dvy_q_qoq_lag08,102,0.019%
intanq_yoy_lag10,102,0.019%
ltq_atq_lag13,102,0.019%
ltq_atq_lag16,102,0.019%
invtq_atq_lag18,102,0.019%
recdq_yoy,101,0.018%
txpq_yoy_lag02,101,0.018%
ivltq_yoy_lag06,101,0.018%
invchy_q_yoy_lag18,101,0.018%
fincfy_q_yoy_lag19,101,0.018%
gdwlq_yoy,100,0.018%
stkcoq_yoy_lag09,100,0.018%
xrdq_yoy_lag09,100,0.018%
atq_lag13,100,0.018%
ivltq_yoy_lag13,100,0.018%
xrdq_revtq_lag14,100,0.018%
revtq_lag15,100,0.018%
oibdpq_revtq_lag15,100,0.018%
xintq_revtq_lag15,100,0.018%
atq_lag16,100,0.018%
xrdq_yoy_lag01,99,0.018%
ivncfy_q_revtq_lag01,99,0.018%
recchy_q_revtq_lag01,99,0.018%
intanq_yoy_lag04,99,0.018%
ivltq_yoy_lag09,99,0.018%
ppentq_atq_lag10,99,0.018%
oibdpq_revtq_lag13,99,0.018%
recchy_q_yoy,98,0.018%
xrdq_revtq,98,0.018%
dpq_revtq_lag06,98,0.018%
fincfy_q_revtq_lag06,98,0.018%
recchy_q_revtq_lag06,98,0.018%
revtq_lag08,98,0.018%
xintq_revtq_lag10,98,0.018%
stkcoq_yoy_lag11,98,0.018%
txpq_yoy_lag11,98,0.018%
dlttq_atq_lag11,98,0.018%
dpactq_revtq_lag12,98,0.018%
fincfy_q_revtq_lag12,98,0.018%
xrdq_yoy_lag13,98,0.018%
ppentq_atq_lag16,98,0.018%
txpq_qoq_lag19,98,0.018%
actq_atq_lag02,97,0.018%
stkcoq_revtq_lag03,97,0.018%
fincfy_q_yoy_lag04,97,0.018%
xsgaq_revtq_lag05,97,0.018%
stkcoq_qoq_lag07,97,0.018%
ppentq_atq_lag07,97,0.018%
lltq_atq_lag08,97,0.018%
xintq_revtq_lag08,97,0.018%
dvy_q_qoq_lag11,97,0.018%
chechy_q_yoy_lag13,97,0.018%
xintq_revtq_lag13,97,0.018%
revtq_lag14,97,0.018%
txpq_yoy_lag16,97,0.018%
req_atq_lag16,97,0.018%
recchy_q_revtq_lag16,97,0.018%
ivchy_q_yoy_lag18,97,0.018%
seqq_atq_lag18,97,0.018%
stkcoq_qoq,96,0.018%
acomincq_yoy,96,0.018%
req_atq_lag02,96,0.018%
actq_atq_lag03,96,0.018%
ppentq_atq_lag04,96,0.018%
oibdpq_revtq_lag08,96,0.018%
atq_lag10,96,0.018%
txpq_qoq_lag12,96,0.018%
lltq_atq_lag13,96,0.018%
ancq_atq_lag18,96,0.018%
dvy_q_qoq_lag19,96,0.018%
ppentq_atq_lag02,95,0.017%
req_atq_lag04,95,0.017%
seqq_atq_lag04,95,0.017%
intanq_yoy_lag07,95,0.017%
xsgaq_revtq_lag08,95,0.017%
actq_atq_lag10,95,0.017%
fincfy_q_yoy_lag17,95,0.017%
ltq_atq_lag17,95,0.017%
recchy_q_yoy_lag18,95,0.017%
mibq_atq_lag18,95,0.017%
ancq_atq_lag19,95,0.017%
ancq_atq_lag02,94,0.017%
lltq_atq_lag02,94,0.017%
chechy_q_yoy_lag03,94,0.017%
txpq_atq_lag09,94,0.017%
txpq_qoq_lag10,94,0.017%
xrdq_yoy_lag15,94,0.017%
fincfy_q_revtq_lag18,94,0.017%
ancq_atq_lag01,93,0.017%
intanq_yoy_lag02,93,0.017%
dvy_q_qoq_lag03,93,0.017%
seqq_atq_lag03,93,0.017%
stkcoq_yoy_lag04,93,0.017%
ltq_atq_lag11,93,0.017%
tstkq_atq_lag11,93,0.017%
txpq_yoy_lag12,93,0.017%
xrdq_revtq_lag12,93,0.017%
dvy_q_qoq_lag13,93,0.017%
dvy_q_revtq_lag13,93,0.017%
dpq_revtq_lag15,93,0.017%
xrdq_yoy_lag16,93,0.017%
revtq_lag17,93,0.017%
xrdq_yoy_lag19,93,0.017%
xrdq_yoy,92,0.017%
stkcoq_qoq_lag01,92,0.017%
seqq_atq_lag07,92,0.017%
xrdq_revtq_lag09,92,0.017%
acomincq_yoy_lag16,92,0.017%
fincfy_q_yoy_lag16,92,0.017%
fincfy_q_qoq_lag17,92,0.017%
seqq_atq_lag17,92,0.017%
recchy_q_revtq_lag17,92,0.017%
dlttq_atq_lag03,91,0.017%
ivchy_q_yoy_lag07,91,0.017%
ppentq_atq_lag11,91,0.017%
oibdpq_revtq_lag12,91,0.017%
lltq_atq_lag15,91,0.017%
lltq_atq_lag18,91,0.017%
drcq_atq,90,0.016%
txpq_qoq_lag04,90,0.016%
intanq_yoy_lag05,90,0.016%
ltq_atq_lag06,90,0.016%
dpactq_revtq_lag06,90,0.016%
stkcoq_yoy_lag07,90,0.016%
lltq_atq_lag07,90,0.016%
req_atq_lag07,90,0.016%
chechy_q_yoy_lag09,90,0.016%
stkcoq_qoq_lag10,90,0.016%
txpq_qoq_lag02,89,0.016%
oibdpq_revtq_lag09,89,0.016%
xsgaq_revtq_lag10,89,0.016%
intanq_yoy_lag14,89,0.016%
actq_atq_lag14,89,0.016%
invtq_atq_lag15,89,0.016%
dvy_q_revtq_lag15,89,0.016%
chechy_q_yoy_lag17,89,0.016%
intanq_yoy_lag17,89,0.016%
recchy_q_yoy_lag17,89,0.016%
atq_lag18,89,0.016%
tstkq_qoq_lag05,88,0.016%
recdq_yoy_lag05,88,0.016%
dpactq_revtq_lag05,88,0.016%
ancq_atq_lag07,88,0.016%
txpq_qoq_lag11,88,0.016%
intanq_yoy_lag11,88,0.016%
dvy_q_qoq_lag12,88,0.016%
doq_revtq_lag03,87,0.016%
txpq_qoq_lag05,87,0.016%
ancq_atq_lag05,87,0.016%
xrdq_yoy_lag07,87,0.016%
xrdq_yoy_lag08,87,0.016%
recdq_yoy_lag09,87,0.016%
xintq_revtq_lag11,87,0.016%
dpq_revtq_lag12,87,0.016%
dlttq_atq_lag13,87,0.016%
ivncfy_q_revtq_lag14,87,0.016%
chechy_q_yoy_lag16,87,0.016%
seqq_atq_lag16,87,0.016%
actq_atq_lag17,87,0.016%
intanq_yoy_lag01,86,0.016%
txpq_qoq_lag08,86,0.016%
revtq_lag11,86,0.016%
dlttq_atq_lag14,86,0.016%
recdq_yoy_lag15,86,0.016%
xrdq_revtq_lag15,86,0.016%
invtq_atq,85,0.015%
stkcoq_qoq_lag04,85,0.015%
fincfy_q_yoy_lag06,85,0.015%
chechy_q_yoy_lag10,85,0.015%
stkcoq_yoy_lag12,85,0.015%
lltq_atq_lag14,85,0.015%
lltq_atq_lag16,85,0.015%
recdq_yoy_lag01,84,0.015%
req_atq_lag01,84,0.015%
ppentq_atq_lag03,84,0.015%
dlttq_atq_lag06,84,0.015%
fincfy_q_revtq_lag07,84,0.015%
recchy_q_revtq_lag07,84,0.015%
stkcoq_qoq_lag17,84,0.015%
intanq_yoy_lag19,84,0.015%
tstkq_yoy,83,0.015%
chechy_q_yoy_lag01,83,0.015%
tstkq_yoy_lag01,83,0.015%
xrdq_yoy_lag06,83,0.015%
invtq_atq_lag09,83,0.015%
chechy_q_qoq_lag13,83,0.015%
ppentq_atq_lag13,83,0.015%
ppentq_atq_lag14,83,0.015%
ppentq_atq_lag18,83,0.015%
stkcoq_qoq_lag19,83,0.015%
recdq_qoq,82,0.015%
gdwlq_yoy_lag02,82,0.015%
miiq_revtq_lag02,82,0.015%
xrdq_qoq_lag03,82,0.015%
revtq_lag04,82,0.015%
cshopq_qoq_lag04,82,0.015%
actq_atq_lag04,82,0.015%
stkcoq_revtq_lag07,82,0.015%
intanq_yoy_lag08,82,0.015%
txpq_qoq_lag09,82,0.015%
invtq_atq_lag11,82,0.015%
intanq_yoy_lag13,82,0.015%
xiq_revtq,81,0.015%
dpactq_revtq_lag03,81,0.015%
recchy_q_revtq_lag03,81,0.015%
tstkq_atq_lag04,81,0.015%
invchy_q_revtq_lag06,81,0.015%
chechy_q_yoy_lag08,81,0.015%
stkcoq_yoy_lag08,81,0.015%
recchy_q_revtq_lag11,81,0.015%
recchy_q_revtq_lag15,81,0.015%
xrdq_revtq_lag17,81,0.015%
atq_lag02,80,0.015%
stkcoq_revtq_lag04,80,0.015%
req_atq_lag05,80,0.015%
tstkq_atq_lag06,80,0.015%
invtq_atq_lag08,80,0.015%
req_atq_lag11,80,0.015%
xrdq_revtq_lag11,80,0.015%
tstkq_qoq_lag12,80,0.015%
dlttq_atq_lag12,80,0.015%
stkcoq_yoy_lag13,80,0.015%
tstkq_yoy_lag15,80,0.015%
cshopq_qoq,79,0.014%
chechy_q_yoy_lag02,79,0.014%
intanq_yoy_lag03,79,0.014%
ivchy_q_yoy_lag03,79,0.014%
xrdq_revtq_lag04,79,0.014%
dlttq_atq_lag07,79,0.014%
dpq_revtq_lag10,79,0.014%
ancq_atq_lag11,79,0.014%
xrdq_revtq_lag13,79,0.014%
stkcoq_qoq_lag15,79,0.014%
intanq_yoy_lag15,79,0.014%
ppentq_atq_lag17,79,0.014%
tstkq_qoq_lag02,78,0.014%
req_atq_lag03,78,0.014%
chechy_q_qoq_lag04,78,0.014%
xrdq_yoy_lag05,78,0.014%
xintq_revtq_lag14,78,0.014%
chechy_q_qoq_lag17,78,0.014%
stkcoq_yoy_lag17,78,0.014%
ivltq_yoy_lag01,77,0.014%
chechy_q_qoq_lag02,77,0.014%
stkcoq_revtq_lag05,77,0.014%
txpq_yoy_lag06,77,0.014%
dpactq_revtq_lag07,77,0.014%
dpactq_revtq_lag08,77,0.014%
invchy_q_revtq_lag08,77,0.014%
tstkq_yoy_lag11,77,0.014%
actq_atq_lag11,77,0.014%
chechy_q_qoq_lag15,77,0.014%
invchy_q_revtq_lag17,77,0.014%
recchy_q_revtq_lag18,77,0.014%
recdq_yoy_lag19,77,0.014%
stkcoq_yoy_lag19,77,0.014%
recchy_q_revtq_lag19,77,0.014%
gdwlq_yoy_lag01,76,0.014%
sppivy_q_qoq_lag02,76,0.014%
fincfy_q_yoy_lag02,76,0.014%
xrdq_yoy_lag03,76,0.014%
dvy_q_revtq_lag03,76,0.014%
chechy_q_qoq_lag06,76,0.014%
intanq_yoy_lag09,76,0.014%
oibdpq_revtq_lag10,76,0.014%
fincfy_q_qoq_lag11,76,0.014%
actq_atq_lag15,76,0.014%
req_atq_lag15,76,0.014%
chechy_q_qoq_lag19,76,0.014%
tstkq_atq_lag05,75,0.014%
stkcoq_revtq_lag06,75,0.014%
ivchy_q_qoq_lag08,75,0.014%
dvy_q_qoq_lag09,75,0.014%
stkcoq_yoy_lag10,75,0.014%
recdq_yoy_lag11,75,0.014%
atq_lag12,75,0.014%
ppentq_atq_lag12,75,0.014%
ancq_atq_lag14,75,0.014%
dvy_q_revtq_lag14,75,0.014%
tstkq_qoq_lag18,75,0.014%
recdq_yoy_lag02,74,0.013%
dvy_q_revtq_lag02,74,0.013%
ppentq_atq_lag05,74,0.013%
chechy_q_yoy_lag07,74,0.013%
sppivy_q_yoy_lag07,74,0.013%
actq_atq_lag09,74,0.013%
req_atq_lag09,74,0.013%
recchy_q_revtq_lag09,74,0.013%
xrdq_qoq_lag11,74,0.013%
stkcoq_revtq_lag11,74,0.013%
chechy_q_yoy_lag12,74,0.013%
actq_atq_lag13,74,0.013%
chechy_q_qoq_lag16,74,0.013%
xrdq_qoq_lag16,74,0.013%
txdbq_qoq_lag17,74,0.013%
drcq_qoq,73,0.013%
cshopq_yoy,73,0.013%
ivncfy_q_revtq,73,0.013%
miiq_revtq,73,0.013%
tstkq_atq_lag02,73,0.013%
txpq_qoq_lag03,73,0.013%
xrdq_revtq_lag03,73,0.013%
xrdq_yoy_lag04,73,0.013%
invchy_q_revtq_lag05,73,0.013%
recchy_q_revtq_lag08,73,0.013%
invchy_q_revtq_lag10,73,0.013%
txpq_qoq_lag15,73,0.013%
xrdq_qoq_lag15,73,0.013%
ancq_atq_lag15,73,0.013%
invchy_q_yoy_lag16,73,0.013%
lltq_atq_lag17,73,0.013%
stkcoq_revtq_lag19,73,0.013%
xaccq_yoy,72,0.013%
sivy_q_revtq_lag02,72,0.013%
ppentq_atq_lag06,72,0.013%
ivltq_yoy_lag10,72,0.013%
ivltq_yoy_lag12,72,0.013%
req_atq_lag13,72,0.013%
recdq_yoy_lag16,72,0.013%
chechy_q_qoq_lag01,71,0.013%
xintq_revtq_lag03,71,0.013%
req_atq_lag06,71,0.013%
doq_revtq_lag07,71,0.013%
dvy_q_revtq_lag08,71,0.013%
sppivy_q_yoy_lag12,71,0.013%
invchy_q_yoy_lag14,71,0.013%
chechy_q_qoq_lag18,71,0.013%
ivltq_yoy_lag02,70,0.013%
actq_atq_lag08,70,0.013%
invchy_q_revtq_lag09,70,0.013%
invtq_atq_lag10,70,0.013%
ivltq_yoy_lag18,70,0.013%
sivy_q_revtq,69,0.013%
txpq_qoq_lag06,69,0.013%
stkcoq_revtq_lag08,69,0.013%
sppivy_q_qoq_lag10,69,0.013%
acomincq_yoy_lag13,69,0.013%
ancq_atq_lag13,69,0.013%
invtq_atq_lag14,69,0.013%
xrdq_revtq_lag16,69,0.013%
drcq_atq_lag19,69,0.013%
tstkq_atq_lag19,69,0.013%
mibq_atq,68,0.012%
tstkq_yoy_lag04,68,0.012%
xrdq_qoq_lag05,68,0.012%
recchy_q_yoy_lag07,68,0.012%
tstkq_atq_lag07,68,0.012%
stkcoq_revtq_lag12,68,0.012%
txpq_qoq_lag16,68,0.012%
intanq_yoy_lag16,68,0.012%
stkcoq_revtq_lag18,68,0.012%
acomincq_qoq,67,0.012%
recchy_q_revtq_lag02,67,0.012%
dvy_q_revtq_lag04,67,0.012%
xrdq_revtq_lag07,67,0.012%
stkcoq_qoq_lag08,67,0.012%
req_atq_lag08,67,0.012%
mibq_atq_lag11,67,0.012%
invchy_q_revtq_lag13,67,0.012%
recchy_q_yoy_lag15,67,0.012%
sppivy_q_qoq_lag16,67,0.012%
stkcoq_qoq_lag18,67,0.012%
ivchy_q_revtq_lag18,67,0.012%
tstkq_atq_lag01,66,0.012%
xaccq_yoy_lag04,66,0.012%
invchy_q_revtq_lag04,66,0.012%
ivltq_yoy_lag15,66,0.012%
sppivy_q_revtq_lag02,65,0.012%
gdwlq_yoy_lag05,65,0.012%
tstkq_atq_lag08,65,0.012%
sppivy_q_revtq_lag09,65,0.012%
gdwlq_yoy_lag11,65,0.012%
stkcoq_qoq_lag12,65,0.012%
sivy_q_revtq_lag13,65,0.012%
tstkq_qoq_lag14,65,0.012%
fincfy_q_qoq_lag15,65,0.012%
invchy_q_revtq_lag15,65,0.012%
stkcoq_revtq_lag15,65,0.012%
recchy_q_yoy_lag04,64,0.012%
fincfy_q_qoq_lag05,64,0.012%
tstkq_yoy_lag06,64,0.012%
xrdq_revtq_lag06,64,0.012%
ivchy_q_yoy_lag08,64,0.012%
stkcoq_revtq_lag10,64,0.012%
xrdq_qoq_lag13,64,0.012%
sivy_q_revtq_lag14,64,0.012%
xrdq_qoq_lag18,64,0.012%
ivncfy_q_yoy,63,0.011%
invtq_atq_lag02,63,0.011%
xrdq_revtq_lag02,63,0.011%
ivncfy_q_revtq_lag05,63,0.011%
ivchy_q_qoq_lag07,63,0.011%
gdwlq_yoy_lag07,63,0.011%
dvy_q_revtq_lag07,63,0.011%
gdwlq_yoy_lag10,63,0.011%
recchy_q_yoy_lag12,63,0.011%
recdq_yoy_lag12,63,0.011%
sppivy_q_qoq_lag14,63,0.011%
fincfy_q_yoy_lag14,63,0.011%
tstkq_yoy_lag16,63,0.011%
recchy_q_yoy_lag01,62,0.011%
sppivy_q_yoy_lag02,62,0.011%
ivncfy_q_revtq_lag02,62,0.011%
tstkq_qoq_lag03,62,0.011%
recchy_q_revtq_lag04,62,0.011%
tstkq_yoy_lag05,62,0.011%
dvy_q_revtq_lag05,62,0.011%
gdwlq_yoy_lag08,62,0.011%
chechy_q_qoq_lag12,62,0.011%
sppivy_q_qoq_lag13,62,0.011%
stkcoq_qoq_lag14,62,0.011%
txdbq_qoq_lag16,62,0.011%
sppivy_q_yoy_lag16,62,0.011%
mibq_atq_lag17,62,0.011%
txdbq_qoq_lag18,62,0.011%
invchy_q_revtq_lag19,62,0.011%
xrdq_qoq,61,0.011%
gdwlq_yoy_lag06,61,0.011%
chechy_q_qoq_lag08,61,0.011%
invchy_q_yoy_lag11,61,0.011%
sivy_q_revtq_lag12,61,0.011%
sppivy_q_yoy_lag13,61,0.011%
stkcoq_yoy_lag14,61,0.011%
drcq_atq_lag16,61,0.011%
stkcoq_yoy_lag18,61,0.011%
chechy_q_qoq_lag03,60,0.011%
fincfy_q_yoy_lag03,60,0.011%
ancq_atq_lag06,60,0.011%
ivncfy_q_revtq_lag07,60,0.011%
chechy_q_qoq_lag10,60,0.011%
tstkq_atq_lag12,60,0.011%
recchy_q_revtq_lag12,60,0.011%
ivncfy_q_revtq_lag13,60,0.011%
stkcoq_revtq_lag17,60,0.011%
intanq_yoy_lag18,60,0.011%
fincfy_q_qoq_lag01,59,0.011%
recdq_yoy_lag03,59,0.011%
fincfy_q_qoq_lag07,59,0.011%
ancq_atq_lag08,59,0.011%
tstkq_atq_lag09,59,0.011%
stkcoq_revtq_lag13,59,0.011%
tstkq_yoy_lag14,59,0.011%
pstkq_atq_lag18,59,0.011%
acomincq_qoq_lag02,58,0.011%
actq_atq_lag05,58,0.011%
stkcoq_qoq_lag06,58,0.011%
sppivy_q_qoq_lag07,58,0.011%
fincfy_q_yoy_lag08,58,0.011%
recdq_yoy_lag10,58,0.011%
ancq_atq_lag10,58,0.011%
invchy_q_revtq_lag11,58,0.011%
acomincq_yoy_lag12,58,0.011%
recchy_q_yoy_lag14,58,0.011%
ivchy_q_yoy_lag16,58,0.011%
chechy_q_yoy_lag05,57,0.010%
dvy_q_revtq_lag06,57,0.010%
sivy_q_revtq_lag08,57,0.010%
mibq_atq_lag10,57,0.010%
recchy_q_yoy_lag11,57,0.010%
gdwlq_yoy_lag12,57,0.010%
ivltq_yoy_lag14,57,0.010%
sppivy_q_revtq_lag18,57,0.010%
recdq_qoq_lag01,56,0.010%
xrdq_qoq_lag01,56,0.010%
ivchy_q_qoq_lag02,56,0.010%
ivncfy_q_revtq_lag04,56,0.010%
tstkq_qoq_lag06,56,0.010%
cshopq_yoy_lag06,56,0.010%
tstkq_yoy_lag08,56,0.010%
fincfy_q_yoy_lag09,56,0.010%
xrdq_qoq_lag12,56,0.010%
ancq_atq_lag12,56,0.010%
dvy_q_revtq_lag12,56,0.010%
invtq_atq_lag13,56,0.010%
req_atq_lag14,56,0.010%
sppivy_q_qoq_lag15,56,0.010%
ivltq_yoy_lag16,56,0.010%
sppivy_q_yoy_lag17,56,0.010%
recdq_qoq_lag19,56,0.010%
tstkq_yoy_lag19,56,0.010%
invchy_q_qoq,55,0.010%
fincfy_q_yoy,55,0.010%
invchy_q_revtq,55,0.010%
acomincq_qoq_lag01,55,0.010%
tstkq_atq_lag03,55,0.010%
doq_revtq_lag04,55,0.010%
recchy_q_yoy_lag06,55,0.010%
recdq_yoy_lag07,55,0.010%
gdwlq_yoy_lag09,55,0.010%
recchy_q_revtq_lag13,55,0.010%
xrdq_revtq_lag18,55,0.010%
recchy_q_qoq_lag19,55,0.010%
xrdq_qoq_lag19,55,0.010%
ivchy_q_yoy_lag19,55,0.010%
sivy_q_revtq_lag01,54,0.010%
invtq_atq_lag03,54,0.010%
recchy_q_yoy_lag05,54,0.010%
chechy_q_qoq_lag07,54,0.010%
tstkq_yoy_lag07,54,0.010%
acomincq_yoy_lag08,54,0.010%
stkcoq_qoq_lag13,54,0.010%
recdq_yoy_lag14,54,0.010%
recdq_qoq_lag15,54,0.010%
stkcoq_revtq_lag16,54,0.010%
sivy_q_revtq_lag17,54,0.010%
sppivy_q_revtq_lag17,54,0.010%
gdwlq_yoy_lag18,54,0.010%
fincfy_q_qoq_lag02,53,0.010%
cshopq_yoy_lag02,53,0.010%
ivncfy_q_revtq_lag03,53,0.010%
sivy_q_revtq_lag03,53,0.010%
recdq_yoy_lag06,53,0.010%
invtq_atq_lag07,53,0.010%
recchy_q_yoy_lag08,53,0.010%
xaccq_yoy_lag11,53,0.010%
fincfy_q_qoq_lag12,53,0.010%
fincfy_q_yoy_lag15,53,0.010%
ivchy_q_yoy_lag15,53,0.010%
sppivy_q_yoy_lag15,53,0.010%
fincfy_q_qoq_lag19,53,0.010%
pstkq_atq_lag02,52,0.009%
sppivy_q_revtq_lag04,52,0.009%
stkcoq_qoq_lag05,52,0.009%
ivncfy_q_revtq_lag06,52,0.009%
sppivy_q_revtq_lag10,52,0.009%
tstkq_yoy_lag12,52,0.009%
ivchy_q_yoy_lag14,52,0.009%
tstkq_atq_lag15,52,0.009%
recdq_yoy_lag18,52,0.009%
ivchy_q_revtq_lag19,52,0.009%
chechy_q_qoq,51,0.009%
drcq_qoq_lag01,51,0.009%
tstkq_qoq_lag01,51,0.009%
tstkq_qoq_lag04,51,0.009%
invtq_atq_lag04,51,0.009%
fincfy_q_qoq_lag06,51,0.009%
stkcoq_revtq_lag09,51,0.009%
atq_lag11,51,0.009%
dvy_q_revtq_lag11,51,0.009%
fincfy_q_qoq_lag13,51,0.009%
gdwlq_yoy_lag13,51,0.009%
drcq_qoq_lag02,50,0.009%
xrdq_qoq_lag02,50,0.009%
ivchy_q_revtq_lag03,50,0.009%
cshopq_yoy_lag05,50,0.009%
acomincq_yoy_lag06,50,0.009%
spiq_yoy_lag06,50,0.009%
invtq_atq_lag06,50,0.009%
ivncfy_q_revtq_lag08,50,0.009%
cshopq_yoy_lag09,50,0.009%
recchy_q_revtq_lag10,50,0.009%
sivy_q_revtq_lag10,50,0.009%
xrdq_revtq_lag10,50,0.009%
invtq_atq_lag12,50,0.009%
stkcoq_revtq_lag14,50,0.009%
recchy_q_qoq,49,0.009%
spiq_qoq,49,0.009%
cshopq_qoq_lag03,49,0.009%
cshopq_qoq_lag07,49,0.009%
cshopq_yoy_lag07,49,0.009%
invchy_q_yoy_lag10,49,0.009%
ivltq_yoy_lag11,49,0.009%
sppivy_q_revtq_lag13,49,0.009%
recchy_q_yoy_lag16,49,0.009%
ivchy_q_qoq_lag18,49,0.009%
ivncfy_q_yoy_lag18,49,0.009%
miiq_revtq_lag19,49,0.009%
spiq_revtq_lag19,49,0.009%
sppivy_q_qoq_lag01,48,0.009%
invchy_q_revtq_lag01,48,0.009%
acomincq_yoy_lag02,48,0.009%
drcq_atq_lag02,48,0.009%
cshopq_yoy_lag04,48,0.009%
invchy_q_yoy_lag05,48,0.009%
invchy_q_yoy_lag06,48,0.009%
xrdq_qoq_lag07,48,0.009%
xrdq_qoq_lag09,48,0.009%
tstkq_yoy_lag10,48,0.009%
sivy_q_revtq_lag11,48,0.009%
fincfy_q_yoy_lag12,48,0.009%
xrdq_qoq_lag14,48,0.009%
gdwlq_yoy_lag14,48,0.009%
sivy_q_revtq_lag15,48,0.009%
invchy_q_revtq_lag18,48,0.009%
cshopq_yoy_lag19,48,0.009%
recchy_q_yoy_lag03,47,0.009%
invtq_atq_lag05,47,0.009%
spiq_revtq_lag05,47,0.009%
actq_atq_lag07,47,0.009%
chechy_q_qoq_lag09,47,0.009%
tstkq_yoy_lag09,47,0.009%
ivchy_q_qoq_lag10,47,0.009%
actq_atq_lag12,47,0.009%
cshopq_qoq_lag14,47,0.009%
stkcoq_qoq_lag16,47,0.009%
ivltq_yoy_lag17,47,0.009%
fincfy_q_yoy_lag01,46,0.008%
acomincq_yoy_lag04,46,0.008%
recdq_yoy_lag04,46,0.008%
recchy_q_revtq_lag05,46,0.008%
xrdq_qoq_lag06,46,0.008%
recchy_q_qoq_lag07,46,0.008%
fincfy_q_qoq_lag08,46,0.008%
xrdq_qoq_lag08,46,0.008%
xaccq_yoy_lag09,46,0.008%
tstkq_atq_lag10,46,0.008%
fincfy_q_qoq,45,0.008%
ivchy_q_yoy_lag01,45,0.008%
ivchy_q_yoy_lag02,45,0.008%
fincfy_q_qoq_lag04,45,0.008%
actq_atq_lag06,45,0.008%
sppivy_q_qoq_lag12,45,0.008%
fincfy_q_qoq_lag14,45,0.008%
invchy_q_revtq_lag14,45,0.008%
ivchy_q_qoq_lag15,45,0.008%
mibq_atq_lag15,45,0.008%
xaccq_yoy_lag18,45,0.008%
mibq_atq_lag19,45,0.008%
sivy_q_revtq_lag19,45,0.008%
cshopq_yoy_lag01,44,0.008%
sppivy_q_yoy_lag01,44,0.008%
sppivy_q_yoy_lag03,44,0.008%
sppivy_q_yoy_lag04,44,0.008%
ivchy_q_yoy_lag06,44,0.008%
sppivy_q_revtq_lag06,44,0.008%
recdq_yoy_lag08,44,0.008%
miiq_revtq_lag13,44,0.008%
spiq_yoy_lag15,44,0.008%
tstkq_qoq_lag19,44,0.008%
pstkq_atq,43,0.008%
acomincq_yoy_lag01,43,0.008%
sppivy_q_revtq_lag01,43,0.008%
recchy_q_yoy_lag02,43,0.008%
invchy_q_yoy_lag03,43,0.008%
ancq_atq_lag09,43,0.008%
recchy_q_qoq_lag12,43,0.008%
tstkq_atq_lag13,43,0.008%
sppivy_q_yoy_lag14,43,0.008%
tstkq_qoq_lag15,43,0.008%
recdq_yoy_lag17,43,0.008%
ivncfy_q_revtq_lag17,43,0.008%
drcq_atq_lag01,42,0.008%
invchy_q_revtq_lag02,42,0.008%
invchy_q_qoq_lag05,42,0.008%
fincfy_q_yoy_lag05,42,0.008%
doq_revtq_lag06,42,0.008%
stkcoq_qoq_lag09,42,0.008%
fincfy_q_qoq_lag10,42,0.008%
xrdq_qoq_lag10,42,0.008%
ivchy_q_revtq_lag10,42,0.008%
tstkq_qoq_lag11,42,0.008%
mibq_atq_lag13,42,0.008%
mibq_atq_lag16,42,0.008%
recchy_q_qoq_lag18,42,0.008%
tstkq_atq_lag18,42,0.008%
sppivy_q_yoy,41,0.007%
mibq_atq_lag02,41,0.007%
diladq_atq_lag05,41,0.007%
acomincq_yoy_lag14,41,0.007%
tstkq_atq_lag14,41,0.007%
recchy_q_revtq_lag14,41,0.007%
ivncfy_q_revtq_lag15,41,0.007%
ivchy_q_revtq_lag16,41,0.007%
sppivy_q_qoq,40,0.007%
ivchy_q_revtq,40,0.007%
recdq_qoq_lag07,40,0.007%
invchy_q_revtq_lag07,40,0.007%
recchy_q_yoy_lag09,40,0.007%
drcq_qoq_lag15,40,0.007%
fincfy_q_qoq_lag16,40,0.007%
gdwlq_yoy_lag17,40,0.007%
xrdq_revtq_lag19,40,0.007%
spiq_yoy,39,0.007%
cshopq_qoq_lag01,39,0.007%
recchy_q_qoq_lag03,39,0.007%
cshopq_yoy_lag03,39,0.007%
recdq_qoq_lag05,39,0.007%
sivy_q_revtq_lag05,39,0.007%
acomincq_yoy_lag07,39,0.007%
tstkq_qoq_lag09,39,0.007%
mibq_atq_lag09,39,0.007%
drcq_qoq_lag10,39,0.007%
ivchy_q_yoy_lag10,39,0.007%
dvy_q_revtq_lag10,39,0.007%
invchy_q_yoy_lag12,39,0.007%
ivchy_q_revtq_lag13,39,0.007%
invchy_q_yoy_lag15,39,0.007%
ivchy_q_revtq_lag15,39,0.007%
acomincq_qoq_lag17,39,0.007%
tstkq_yoy_lag17,39,0.007%
acomincq_yoy_lag18,39,0.007%
tstkq_yoy_lag18,39,0.007%
xaccq_qoq_lag03,38,0.007%
cshopq_qoq_lag05,38,0.007%
sppivy_q_revtq_lag05,38,0.007%
tstkq_qoq_lag08,38,0.007%
recchy_q_qoq_lag11,38,0.007%
recchy_q_yoy_lag13,38,0.007%
recchy_q_qoq_lag14,38,0.007%
recchy_q_qoq_lag15,38,0.007%
gdwlq_yoy_lag15,38,0.007%
drcq_atq_lag18,38,0.007%
sppivy_q_revtq,37,0.007%
recdq_qoq_lag03,37,0.007%
invchy_q_revtq_lag03,37,0.007%
tstkq_qoq_lag07,37,0.007%
fincfy_q_qoq_lag09,37,0.007%
doq_revtq_lag09,37,0.007%
sppivy_q_revtq_lag11,37,0.007%
cshopq_qoq_lag12,37,0.007%
ivncfy_q_revtq_lag12,37,0.007%
cshopq_qoq_lag13,37,0.007%
chechy_q_qoq_lag14,37,0.007%
ivncfy_q_revtq_lag16,37,0.007%
ivchy_q_qoq_lag19,37,0.007%
recchy_q_yoy_lag19,37,0.007%
diladq_atq,36,0.007%
ivchy_q_qoq_lag01,36,0.007%
drcq_qoq_lag03,36,0.007%
dcomq_atq_lag05,36,0.007%
drcq_qoq_lag09,36,0.007%
tstkq_qoq_lag10,36,0.007%
ivchy_q_qoq_lag13,36,0.007%
stkcoq_yoy_lag16,36,0.007%
miiq_revtq_lag16,36,0.007%
sivy_q_revtq_lag16,36,0.007%
sppivy_q_qoq_lag17,36,0.007%
spiq_revtq_lag17,36,0.007%
ivncfy_q_revtq_lag18,36,0.007%
dcomq_atq,35,0.006%
diladq_atq_lag04,35,0.006%
sppivy_q_yoy_lag05,35,0.006%
doq_revtq_lag05,35,0.006%
dcomq_atq_lag09,35,0.006%
mibq_atq_lag12,35,0.006%
tstkq_atq_lag16,35,0.006%
invchy_q_revtq_lag16,35,0.006%
txdbq_qoq,34,0.006%
recdq_qoq_lag04,34,0.006%
sppivy_q_yoy_lag06,34,0.006%
dcomq_atq_lag06,34,0.006%
spiq_revtq_lag13,34,0.006%
sppivy_q_revtq_lag14,34,0.006%
invchy_q_qoq_lag16,34,0.006%
recdq_qoq_lag16,34,0.006%
invchy_q_yoy_lag17,34,0.006%
cshopq_qoq_lag19,34,0.006%
ivchy_q_qoq,33,0.006%
recchy_q_qoq_lag01,33,0.006%
ivncfy_q_yoy_lag02,33,0.006%
fincfy_q_qoq_lag03,33,0.006%
miiq_revtq_lag03,33,0.006%
ivchy_q_qoq_lag05,33,0.006%
recchy_q_qoq_lag05,33,0.006%
sppivy_q_qoq_lag05,33,0.006%
cshopq_qoq_lag06,33,0.006%
invchy_q_qoq_lag06,33,0.006%
spiq_revtq_lag07,33,0.006%
sppivy_q_revtq_lag07,33,0.006%
sppivy_q_yoy_lag09,33,0.006%
fincfy_q_yoy_lag10,33,0.006%
ivchy_q_qoq_lag11,33,0.006%
acomincq_yoy_lag11,33,0.006%
recdq_qoq_lag12,33,0.006%
cshopq_yoy_lag13,33,0.006%
invchy_q_qoq_lag18,33,0.006%
sivy_q_revtq_lag18,33,0.006%
invchy_q_yoy_lag19,33,0.006%
ivchy_q_revtq_lag01,32,0.006%
acomincq_qoq_lag03,32,0.006%
acomincq_yoy_lag03,32,0.006%
sivy_q_revtq_lag04,32,0.006%
ivchy_q_yoy_lag05,32,0.006%
txdbq_qoq_lag08,32,0.006%
recdq_qoq_lag09,32,0.006%
diladq_atq_lag09,32,0.006%
sivy_q_revtq_lag09,32,0.006%
xaccq_yoy_lag10,32,0.006%
sppivy_q_yoy_lag11,32,0.006%
recdq_yoy_lag13,32,0.006%
mibq_atq_lag14,32,0.006%
spiq_revtq_lag14,32,0.006%
stkcoq_yoy_lag15,32,0.006%
cshopq_yoy_lag17,32,0.006%
drcq_atq_lag17,32,0.006%
invchy_q_yoy,31,0.006%
mibq_atq_lag01,31,0.006%
recchy_q_qoq_lag02,31,0.006%
txdbq_qoq_lag02,31,0.006%
diladq_atq_lag02,31,0.006%
mibq_atq_lag05,31,0.006%
ivchy_q_revtq_lag08,31,0.006%
spiq_revtq_lag10,31,0.006%
ivchy_q_revtq_lag11,31,0.006%
ivncfy_q_revtq_lag11,31,0.006%
spiq_yoy_lag12,31,0.006%
drcq_atq_lag14,31,0.006%
drcq_qoq_lag16,31,0.006%
cshopq_yoy_lag16,31,0.006%
drcq_qoq_lag17,31,0.006%
drcq_qoq_lag18,31,0.006%
invchy_q_yoy_lag02,30,0.005%
ivchy_q_revtq_lag02,30,0.005%
mibq_atq_lag04,30,0.005%
acomincq_yoy_lag05,30,0.005%
ivchy_q_revtq_lag05,30,0.005%
ivchy_q_qoq_lag09,30,0.005%
invchy_q_yoy_lag09,30,0.005%
ivchy_q_revtq_lag09,30,0.005%
tstkq_yoy_lag13,30,0.005%
miiq_revtq_lag15,30,0.005%
invchy_q_qoq_lag17,30,0.005%
miiq_revtq_lag17,30,0.005%
recdq_qoq_lag02,29,0.005%
dcomq_atq_lag02,29,0.005%
xiq_revtq_lag02,29,0.005%
xaccq_yoy_lag03,29,0.005%
mibq_atq_lag03,29,0.005%
ivchy_q_revtq_lag06,29,0.005%
drcq_qoq_lag07,29,0.005%
ivchy_q_revtq_lag07,29,0.005%
txdbq_qoq_lag09,29,0.005%
ivncfy_q_revtq_lag09,29,0.005%
recchy_q_qoq_lag10,29,0.005%
miiq_revtq_lag12,29,0.005%
tstkq_qoq_lag13,29,0.005%
txdbq_qoq_lag15,29,0.005%
tstkq_qoq_lag17,29,0.005%
ivchy_q_yoy,28,0.005%
cshopq_qoq_lag02,28,0.005%
sppivy_q_qoq_lag03,28,0.005%
invchy_q_yoy_lag04,28,0.005%
ivchy_q_revtq_lag04,28,0.005%
recchy_q_qoq_lag06,28,0.005%
sivy_q_revtq_lag06,28,0.005%
drcq_qoq_lag08,28,0.005%
acomincq_yoy_lag10,28,0.005%
spiq_revtq_lag11,28,0.005%
acomincq_qoq_lag12,28,0.005%
ivchy_q_qoq_lag12,28,0.005%
drcq_qoq_lag13,28,0.005%
doq_revtq_lag14,28,0.005%
sppivy_q_revtq_lag15,28,0.005%
cshopq_qoq_lag16,28,0.005%
ivncfy_q_yoy_lag16,28,0.005%
sppivy_q_revtq_lag16,28,0.005%
drcq_qoq_lag04,27,0.005%
sppivy_q_qoq_lag04,27,0.005%
drcq_atq_lag05,27,0.005%
pstkq_atq_lag06,27,0.005%
txdbq_qoq_lag07,27,0.005%
cshopq_qoq_lag08,27,0.005%
invchy_q_qoq_lag08,27,0.005%
recdq_qoq_lag08,27,0.005%
invchy_q_yoy_lag08,27,0.005%
spiq_yoy_lag09,27,0.005%
drcq_atq_lag09,27,0.005%
dvy_q_revtq_lag09,27,0.005%
cshopq_qoq_lag10,27,0.005%
recdq_qoq_lag11,27,0.005%
cshopq_yoy_lag12,27,0.005%
drcq_qoq_lag14,27,0.005%
pstkq_atq_lag17,27,0.005%
cshopq_qoq_lag18,27,0.005%
drcq_qoq_lag19,27,0.005%
txdbq_qoq_lag01,26,0.005%
invchy_q_qoq_lag03,26,0.005%
ivchy_q_qoq_lag04,26,0.005%
ivchy_q_yoy_lag04,26,0.005%
spiq_revtq_lag04,26,0.005%
ivncfy_q_yoy_lag07,26,0.005%
diladq_atq_lag07,26,0.005%
ivchy_q_yoy_lag09,26,0.005%
cshopq_yoy_lag10,26,0.005%
sppivy_q_yoy_lag10,26,0.005%
cshopq_qoq_lag11,26,0.005%
invchy_q_revtq_lag12,26,0.005%
invchy_q_qoq_lag13,26,0.005%
recchy_q_qoq_lag13,26,0.005%
spiq_yoy_lag13,26,0.005%
ivncfy_q_yoy_lag15,26,0.005%
drcq_atq_lag15,26,0.005%
ivchy_q_yoy_lag17,26,0.005%
sppivy_q_yoy_lag18,26,0.005%
spiq_revtq_lag18,26,0.005%
invchy_q_qoq_lag19,26,0.005%
invchy_q_yoy_lag01,25,0.005%
diladq_atq_lag01,25,0.005%
miiq_revtq_lag01,25,0.005%
xiq_revtq_lag01,25,0.005%
aocipenq_atq_lag02,25,0.005%
txdbq_qoq_lag04,25,0.005%
drcq_qoq_lag05,25,0.005%
recchy_q_qoq_lag08,25,0.005%
cshopq_yoy_lag08,25,0.005%
sppivy_q_yoy_lag08,25,0.005%
acomincq_qoq_lag09,25,0.005%
acomincq_yoy_lag09,25,0.005%
acomincq_qoq_lag10,25,0.005%
invchy_q_qoq_lag10,25,0.005%
ivchy_q_yoy_lag11,25,0.005%
miiq_revtq_lag11,25,0.005%
ivchy_q_yoy_lag12,25,0.005%
diladq_atq_lag12,25,0.005%
ivchy_q_qoq_lag14,25,0.005%
pstkq_atq_lag14,25,0.005%
ivchy_q_revtq_lag14,25,0.005%
acomincq_qoq_lag15,25,0.005%
spiq_revtq_lag16,25,0.005%
txdbq_qoq_lag03,24,0.004%
aocipenq_atq_lag04,24,0.004%
ivncfy_q_qoq_lag05,24,0.004%
pstkq_atq_lag05,24,0.004%
miiq_revtq_lag07,24,0.004%
invchy_q_qoq_lag11,24,0.004%
recdq_qoq_lag13,24,0.004%
cshopq_yoy_lag14,24,0.004%
sppivy_q_qoq_lag19,24,0.004%
sppivy_q_yoy_lag19,24,0.004%
drcq_qoq_lag06,23,0.004%
drcq_atq_lag06,23,0.004%
spiq_yoy_lag08,23,0.004%
drcq_atq_lag08,23,0.004%
spiq_revtq_lag08,23,0.004%
recdq_qoq_lag10,23,0.004%
ivncfy_q_revtq_lag10,23,0.004%
drcq_qoq_lag11,23,0.004%
invchy_q_yoy_lag13,23,0.004%
ivchy_q_yoy_lag13,23,0.004%
recchy_q_qoq_lag16,23,0.004%
gdwlq_yoy_lag16,23,0.004%
cshopq_qoq_lag17,23,0.004%
ivchy_q_qoq_lag17,23,0.004%
recchy_q_qoq_lag17,23,0.004%
xaccq_yoy_lag17,23,0.004%
miiq_revtq_lag18,23,0.004%
acomincq_qoq_lag19,23,0.004%
aocipenq_atq,22,0.004%
ivncfy_q_yoy_lag01,22,0.004%
spiq_yoy_lag03,22,0.004%
invchy_q_qoq_lag04,22,0.004%
drcq_atq_lag04,22,0.004%
mibq_atq_lag06,22,0.004%
drcq_atq_lag07,22,0.004%
doq_revtq_lag08,22,0.004%
miiq_revtq_lag08,22,0.004%
sppivy_q_revtq_lag08,22,0.004%
aocipenq_atq_lag10,22,0.004%
diladq_atq_lag10,22,0.004%
sppivy_q_qoq_lag11,22,0.004%
spiq_qoq_lag12,22,0.004%
ivchy_q_revtq_lag12,22,0.004%
ivchy_q_qoq_lag16,22,0.004%
xaccq_yoy_lag16,22,0.004%
dcomq_atq_lag16,22,0.004%
tstkq_atq_lag17,22,0.004%
sppivy_q_qoq_lag18,22,0.004%
pstkq_atq_lag19,22,0.004%
ivncfy_q_revtq_lag19,22,0.004%
sppivy_q_revtq_lag19,22,0.004%
invchy_q_qoq_lag02,21,0.004%
ivchy_q_qoq_lag03,21,0.004%
ivncfy_q_yoy_lag03,21,0.004%
acomincq_qoq_lag04,21,0.004%
spiq_yoy_lag05,21,0.004%
acomincq_qoq_lag07,21,0.004%
cshopq_qoq_lag09,21,0.004%
acomincq_qoq_lag11,21,0.004%
drcq_atq_lag11,21,0.004%
spiq_revtq_lag12,21,0.004%
invchy_q_qoq_lag14,21,0.004%
xaccq_yoy_lag15,21,0.004%
doq_revtq_lag17,21,0.004%
ivchy_q_revtq_lag17,21,0.004%
xaccq_yoy_lag01,20,0.004%
drcq_atq_lag03,20,0.004%
dcomq_atq_lag04,20,0.004%
txdbq_qoq_lag05,20,0.004%
acomincq_qoq_lag06,20,0.004%
ivchy_q_qoq_lag06,20,0.004%
sppivy_q_qoq_lag06,20,0.004%
dcomq_atq_lag07,20,0.004%
ivncfy_q_qoq_lag08,20,0.004%
sppivy_q_qoq_lag09,20,0.004%
recchy_q_yoy_lag10,20,0.004%
drcq_qoq_lag12,20,0.004%
pstkq_atq_lag13,20,0.004%
invchy_q_qoq_lag15,20,0.004%
cshopq_yoy_lag15,20,0.004%
tstkq_qoq_lag16,20,0.004%
spiq_yoy_lag16,20,0.004%
aocipenq_atq_lag03,19,0.003%
spiq_revtq_lag06,19,0.003%
invchy_q_qoq_lag07,19,0.003%
sivy_q_revtq_lag07,19,0.003%
spiq_qoq_lag08,19,0.003%
invchy_q_qoq_lag09,19,0.003%
recchy_q_qoq_lag09,19,0.003%
txdbq_qoq_lag10,19,0.003%
cshopq_yoy_lag11,19,0.003%
spiq_yoy_lag11,19,0.003%
acomincq_qoq_lag13,19,0.003%
xaccq_yoy_lag14,19,0.003%
acomincq_yoy_lag17,19,0.003%
dcomq_atq_lag17,19,0.003%
diladq_atq_lag17,19,0.003%
acomincq_qoq_lag18,19,0.003%
ivncfy_q_yoy_lag19,19,0.003%
doq_revtq_lag19,19,0.003%
spiq_yoy_lag02,18,0.003%
xaccq_yoy_lag02,18,0.003%
miiq_revtq_lag05,18,0.003%
rcpq_yoy_lag07,18,0.003%
acomincq_qoq_lag08,18,0.003%
sppivy_q_revtq_lag12,18,0.003%
miiq_revtq_lag14,18,0.003%
cshopq_qoq_lag15,18,0.003%
dcomq_atq_lag15,18,0.003%
dcomq_atq_lag18,18,0.003%
spiq_qoq_lag02,17,0.003%
aocipenq_atq_lag05,17,0.003%
pstkq_atq_lag07,17,0.003%
xiq_revtq_lag07,17,0.003%
miiq_revtq_lag10,17,0.003%
ivncfy_q_qoq_lag13,17,0.003%
spiq_yoy_lag17,17,0.003%
xiq_revtq_lag19,17,0.003%
ivncfy_q_qoq_lag01,16,0.003%
pstkq_atq_lag01,16,0.003%
acchgq_revtq_lag01,16,0.003%
recchy_q_qoq_lag04,16,0.003%
xaccq_yoy_lag05,16,0.003%
spiq_qoq_lag06,16,0.003%
mibq_atq_lag07,16,0.003%
dcomq_atq_lag08,16,0.003%
xiq_revtq_lag08,16,0.003%
dcomq_atq_lag10,16,0.003%
pstkq_atq_lag10,16,0.003%
invchy_q_qoq_lag12,16,0.003%
dcomq_atq_lag13,16,0.003%
drcq_atq_lag13,16,0.003%
acomincq_qoq_lag14,16,0.003%
spiq_revtq_lag15,16,0.003%
acomincq_yoy_lag19,16,0.003%
invchy_q_qoq_lag01,15,0.003%
spiq_yoy_lag01,15,0.003%
acchgq_revtq_lag02,15,0.003%
sppivy_q_revtq_lag03,15,0.003%
xaccq_qoq_lag04,15,0.003%
xaccq_yoy_lag08,15,0.003%
aocipenq_atq_lag08,15,0.003%
ivncfy_q_yoy_lag11,15,0.003%
dcomq_atq_lag11,15,0.003%
acomincq_yoy_lag15,15,0.003%
recdq_qoq_lag17,15,0.003%
doq_revtq_lag18,15,0.003%
acchgq_revtq,14,0.003%
xaccq_qoq_lag01,14,0.003%
esopctq_atq_lag03,14,0.003%
pstkq_atq_lag04,14,0.003%
miiq_revtq_lag04,14,0.003%
recdq_qoq_lag06,14,0.003%
txdbq_qoq_lag06,14,0.003%
diladq_atq_lag06,14,0.003%
miiq_revtq_lag06,14,0.003%
spiq_yoy_lag07,14,0.003%
aocipenq_atq_lag07,14,0.003%
sppivy_q_qoq_lag08,14,0.003%
drcq_atq_lag10,14,0.003%
ivncfy_q_qoq_lag11,14,0.003%
txdbq_qoq_lag11,14,0.003%
xaccq_qoq_lag11,14,0.003%
xaccq_qoq_lag12,14,0.003%
txdbq_qoq_lag13,14,0.003%
ivncfy_q_yoy_lag13,14,0.003%
xaccq_qoq_lag17,14,0.003%
recdq_qoq_lag18,14,0.003%
xaccq_qoq_lag19,14,0.003%
spiq_qoq_lag01,13,0.002%
dcomq_atq_lag01,13,0.002%
pstkq_atq_lag03,13,0.002%
spiq_yoy_lag04,13,0.002%
xaccq_qoq_lag05,13,0.002%
ivncfy_q_yoy_lag06,13,0.002%
spiq_qoq_lag07,13,0.002%
diladq_atq_lag08,13,0.002%
ivncfy_q_yoy_lag09,13,0.002%
rcpq_yoy_lag09,13,0.002%
pstkq_atq_lag12,13,0.002%
recdq_qoq_lag14,13,0.002%
ivncfy_q_yoy_lag14,13,0.002%
xiq_revtq_lag17,13,0.002%
spiq_qoq_lag19,13,0.002%
txdbq_qoq_lag19,13,0.002%
spiq_yoy_lag19,13,0.002%
ivncfy_q_qoq,12,0.002%
esopctq_atq_lag02,12,0.002%
spiq_qoq_lag03,12,0.002%
spiq_qoq_lag04,12,0.002%
acomincq_qoq_lag05,12,0.002%
spiq_qoq_lag05,12,0.002%
ivncfy_q_qoq_lag06,12,0.002%
pstkq_atq_lag09,12,0.002%
aocipenq_atq_lag12,12,0.002%
aocipenq_atq_lag13,12,0.002%
dcomq_atq_lag14,12,0.002%
xiq_revtq_lag15,12,0.002%
acomincq_qoq_lag16,12,0.002%
ivncfy_q_yoy_lag17,12,0.002%
esopctq_atq_lag17,12,0.002%
ivncfy_q_qoq_lag18,12,0.002%
cshopq_yoy_lag18,12,0.002%
ivncfy_q_qoq_lag19,12,0.002%
xaccq_qoq_lag02,11,0.002%
rcpq_yoy_lag03,11,0.002%
aocipenq_qoq_lag05,11,0.002%
xiq_revtq_lag06,11,0.002%
xaccq_yoy_lag07,11,0.002%
xiq_revtq_lag13,11,0.002%
esopctq_atq_lag15,11,0.002%
pstkq_atq_lag15,11,0.002%
spiq_qoq_lag17,11,0.002%
esopctq_atq_lag19,11,0.002%
rcpq_yoy,10,0.002%
dcomq_atq_lag03,10,0.002%
mibq_atq_lag08,10,0.002%
spiq_qoq_lag09,10,0.002%
spiq_revtq_lag09,10,0.002%
doq_revtq_lag11,10,0.002%
xiq_revtq_lag11,10,0.002%
txdbq_qoq_lag12,10,0.002%
txdbq_qoq_lag14,10,0.002%
ivncfy_q_qoq_lag16,10,0.002%
diladq_atq_lag18,10,0.002%
xiq_revtq_lag18,10,0.002%
xiq_revtq_lag03,9,0.002%
ivncfy_q_yoy_lag05,9,0.002%
xaccq_qoq_lag07,9,0.002%
pstkq_atq_lag08,9,0.002%
rcpq_qoq_lag09,9,0.002%
spiq_yoy_lag10,9,0.002%
diladq_atq_lag11,9,0.002%
dcomq_atq_lag12,9,0.002%
xiq_revtq_lag16,9,0.002%
acchgq_revtq_lag17,9,0.002%
spiq_yoy_lag18,9,0.002%
acchgq_revtq_lag18,9,0.002%
aocipenq_qoq,8,0.001%
xaccq_qoq,8,0.001%
rcpq_yoy_lag02,8,0.001%
rcpq_qoq_lag04,8,0.001%
esopctq_atq_lag04,8,0.001%
acchgq_revtq_lag04,8,0.001%
ivncfy_q_yoy_lag08,8,0.001%
xaccq_qoq_lag09,8,0.001%
miiq_revtq_lag09,8,0.001%
spiq_qoq_lag11,8,0.001%
pstkq_atq_lag11,8,0.001%
xaccq_yoy_lag12,8,0.001%
spiq_qoq_lag13,8,0.001%
xaccq_qoq_lag13,8,0.001%
spiq_qoq_lag14,8,0.001%
diladq_atq_lag14,8,0.001%
xaccq_qoq_lag16,8,0.001%
pstkq_atq_lag16,8,0.001%
spiq_qoq_lag18,8,0.001%
xaccq_yoy_lag19,8,0.001%
aocipenq_atq_lag19,8,0.001%
aocipenq_atq_lag01,7,0.001%
acchgq_revtq_lag03,7,0.001%
ivncfy_q_yoy_lag04,7,0.001%
rcpq_yoy_lag04,7,0.001%
rcpq_yoy_lag05,7,0.001%
rcpq_yoy_lag06,7,0.001%
ivncfy_q_qoq_lag09,7,0.001%
ivncfy_q_yoy_lag10,7,0.001%
drcq_atq_lag12,7,0.001%
ivncfy_q_qoq_lag14,7,0.001%
spiq_yoy_lag14,7,0.001%
doq_revtq_lag15,7,0.001%
ivncfy_q_qoq_lag03,6,0.001%
ivncfy_q_qoq_lag04,6,0.001%
esopctq_atq_lag06,6,0.001%
aocipenq_qoq_lag07,6,0.001%
xaccq_qoq_lag08,6,0.001%
aocipenq_atq_lag09,6,0.001%
ivncfy_q_qoq_lag10,6,0.001%
doq_revtq_lag10,6,0.001%
ivncfy_q_yoy_lag12,6,0.001%
spiq_qoq_lag15,6,0.001%
xaccq_qoq_lag15,6,0.001%
rcpq_qoq_lag18,6,0.001%
rcpq_yoy_lag18,6,0.001%
rcpq_qoq_lag01,5,0.001%
diladq_atq_lag03,5,0.001%
aocipenq_qoq_lag04,5,0.001%
acchgq_revtq_lag05,5,0.001%
xaccq_qoq_lag06,5,0.001%
xaccq_yoy_lag06,5,0.001%
aocipenq_atq_lag06,5,0.001%
ivncfy_q_qoq_lag07,5,0.001%
rcpq_yoy_lag08,5,0.001%
aocipenq_qoq_lag12,5,0.001%
doq_revtq_lag12,5,0.001%
xaccq_yoy_lag13,5,0.001%
diladq_atq_lag13,5,0.001%
doq_revtq_lag13,5,0.001%
xaccq_qoq_lag14,5,0.001%
rcpq_yoy_lag14,5,0.001%
esopctq_atq_lag14,5,0.001%
ivncfy_q_qoq_lag15,5,0.001%
acchgq_revtq_lag15,5,0.001%
rcpq_qoq_lag16,5,0.001%
diladq_atq_lag16,5,0.001%
dcomq_atq_lag19,5,0.001%
rcpq_qoq,4,0.001%
aocipenq_qoq_lag02,4,0.001%
rcpq_qoq_lag02,4,0.001%
rcpq_qoq_lag03,4,0.001%
aocipenq_qoq_lag06,4,0.001%
rcpq_qoq_lag07,4,0.001%
rcpq_qoq_lag08,4,0.001%
aocipenq_qoq_lag09,4,0.001%
aocipenq_qoq_lag10,4,0.001%
spiq_qoq_lag10,4,0.001%
aocipenq_atq_lag11,4,0.001%
ivncfy_q_qoq_lag12,4,0.001%
rcpq_qoq_lag12,4,0.001%
esopctq_atq_lag12,4,0.001%
aocipenq_qoq_lag13,4,0.001%
esopctq_atq_lag13,4,0.001%
rcpq_yoy_lag15,4,0.001%
diladq_atq_lag15,4,0.001%
xaccq_qoq_lag18,4,0.001%
esopctq_atq_lag18,4,0.001%
aocipenq_qoq_lag19,4,0.001%
rcpq_qoq_lag19,4,0.001%
acchgq_revtq_lag19,4,0.001%
aocipenq_qoq_lag01,3,0.001%
rcpq_yoy_lag01,3,0.001%
esopctq_atq_lag01,3,0.001%
ivncfy_q_qoq_lag02,3,0.001%
rcpq_qoq_lag06,3,0.001%
esopctq_atq_lag07,3,0.001%
aocipenq_qoq_lag08,3,0.001%
xiq_revtq_lag09,3,0.001%
xaccq_qoq_lag10,3,0.001%
rcpq_yoy_lag13,3,0.001%
rcpq_qoq_lag14,3,0.001%
xiq_revtq_lag14,3,0.001%
aocipenq_qoq_lag15,3,0.001%
aocipenq_atq_lag15,3,0.001%
aocipenq_qoq_lag16,3,0.001%
spiq_qoq_lag16,3,0.001%
rcpq_yoy_lag16,3,0.001%
doq_revtq_lag16,3,0.001%
aocipenq_qoq_lag17,3,0.001%
ivncfy_q_qoq_lag17,3,0.001%
rcpq_qoq_lag17,3,0.001%
rcpq_yoy_lag17,3,0.001%
aocipenq_atq_lag18,3,0.001%
diladq_atq_lag19,3,0.001%
esopctq_atq,2,0.000%
rcpq_qoq_lag05,2,0.000%
xiq_revtq_lag05,2,0.000%
esopctq_atq_lag08,2,0.000%
xiq_revtq_lag10,2,0.000%
esopctq_atq_lag11,2,0.000%
xiq_revtq_lag12,2,0.000%
rcpq_qoq_lag15,2,0.000%
esopctq_atq_lag16,2,0.000%
acchgq_revtq_lag16,2,0.000%
rcpq_yoy_lag19,2,0.000%
aocipenq_qoq_lag03,1,0.000%
esopctq_atq_lag05,1,0.000%
esopctq_atq_lag09,1,0.000%
rcpq_qoq_lag10,1,0.000%
rcpq_yoy_lag10,1,0.000%
aocipenq_qoq_lag11,1,0.000%
rcpq_qoq_lag11,1,0.000%
rcpq_yoy_lag11,1,0.000%
acchgq_revtq_lag12,1,0.000%
aocipenq_qoq_lag14,1,0.000%
aocipenq_atq_lag14,1,0.000%
aocipenq_atq_lag17,1,0.000%
aocipenq_qoq_lag18,1,0.000%
xiq_revtq_lag04,0,0.000%
acchgq_revtq_lag06,0,0.000%
acchgq_revtq_lag07,0,0.000%
acchgq_revtq_lag08,0,0.000%
acchgq_revtq_lag09,0,0.000%
esopctq_atq_lag10,0,0.000%
acchgq_revtq_lag10,0,0.000%
acchgq_revtq_lag11,0,0.000%
rcpq_yoy_lag12,0,0.000%
rcpq_qoq_lag13,0,0.000%
acchgq_revtq_lag13,0,0.000%
acchgq_revtq_lag14,0,0.000%
aocipenq_atq_lag16,0,0.000%